emp_no,first_name,last_name,title,from_date,salary
287713,Aamod,Ranka,Senior Staff,1992-12-07,46369
101487,Abdelaziz,Sury,Senior Staff,1991-01-31,60348
247888,Abdelghani,Lagarias,Senior Engineer,1985-09-06,40000
464303,Abdelghani,Nyrup,Senior Staff,1986-08-02,48803
217320,Abdelwaheb,Denis,Engineer,1993-09-10,40000
31207,Abdelwaheb,Dulin,Senior Engineer,1993-08-05,40000
243576,Abdulah,Lodder,Staff,1996-11-10,60593
221369,Abdulah,Pocchiola,Engineer,1996-08-28,52230
239244,Abdulla,Kitai,Staff,1987-02-20,58738
416420,Adamantios,Heemskerk,Senior Staff,1986-08-08,57583
432031,Adamantios,Matzat,Senior Staff,1987-03-01,60534
52386,Adas,Denti,Staff,1986-05-30,65342
62245,Adel,Bressoud,Engineer,1995-08-30,40000
236964,Adel,Foote,Staff,2000-03-20,85659
427852,Adil,Kieras,Senior Engineer,1992-07-20,48349
71745,Adil,Laventhal,Engineer,1992-05-13,40000
18021,Adil,Matzke,Senior Engineer,1987-05-08,40000
55857,Adin,Scallan,Staff,1987-09-15,70416
102620,Adin,Templeman,Engineer,1999-08-12,45060
55640,Adit,Syrotiuk,Senior Engineer,1993-07-16,40000
460131,Adly,Hambrick,Staff,1997-07-25,68182
219047,Aemilian,Kusalik,Engineer,1987-05-27,40000
216342,Aiichiro,Cromarty,Engineer,1995-06-10,40000
205863,Aiichiro,Kusalik,Senior Engineer,1990-10-04,48877
67934,Aiman,Gargeya,Engineer,1985-03-07,54347
89680,Aiman,Mawatari,Engineer,1988-05-01,40000
66807,Aiman,Rosaz,Senior Engineer,1990-05-22,50982
469366,Aiman,Wilfing,Senior Engineer,1990-12-30,48989
200312,Akemi,Fujisaki,Senior Engineer,2001-11-13,40000
442898,Aksel,Gire,Engineer,1999-06-27,40000
65539,Aksel,Picaronny,Engineer,1991-01-27,60784
425535,Alagu,Vieri,Senior Staff,1986-08-23,80858
416074,Alain,Lieberherr,Senior Engineer,1987-05-11,40000
52778,Alain,Penn,Technique Leader,1986-05-03,46041
95406,Alair,Lyonns,Engineer,1997-07-12,40000
452957,Alair,Nanard,Staff,1996-02-10,60350
432121,Alair,Straney,Senior Staff,1986-11-15,40000
429249,Alassane,Wolniewicz,Engineer,1993-11-09,40000
201229,Alejandra,Khasidashvili,Staff,1994-07-30,49086
447232,Aleksander,Schaaf,Staff,2000-01-10,102759
463495,Alenka,Barriga,Senior Staff,1988-05-06,40000
44054,Alenka,Ritcey,Engineer,1997-02-09,40000
406847,Alexius,Crouzet,Staff,1999-10-05,65556
89922,Alexius,Ibel,Senior Engineer,1988-04-24,62911
250452,Alexius,Plavsic,Senior Engineer,2000-01-17,55615
236827,Almudena,Rijckaert,Senior Engineer,1994-02-16,40000
276868,Alois,Sanella,Staff,1998-03-13,61613
89207,Along,Erol,Senior Staff,1992-10-16,40000
282191,Alper,Shinomoto,Engineer,1997-10-20,41448
246364,Alper,Tiemann,Engineer,1998-10-29,72695
233114,Alselm,Gargeya,Senior Engineer,1987-12-25,78365
82928,Alselm,Rikino,Senior Engineer,1990-11-16,60112
404462,Anestis,Setlzner,Engineer,1985-07-13,40194
34077,Angel,Sichman,Senior Staff,1988-11-16,50005
400358,Angus,Jullig,Senior Engineer,1989-04-13,65485
73743,Anneke,Bernardeschi,Engineer,2000-10-15,40000
284954,Anneke,Hammerschmidt,Engineer,1996-01-30,40000
235368,Anneli,Joslin,Senior Engineer,1987-04-12,40000
201708,Anneli,Perl,Senior Staff,1992-09-08,40000
224135,Annemarie,Bressoud,Engineer,1998-06-23,43178
222878,Annemarie,Zallocco,Senior Engineer,1996-12-01,42172
211967,Anwar,Bain,Senior Engineer,1989-01-22,40704
33722,Anwar,Collette,Senior Engineer,2001-02-03,40000
266644,Anwar,Gubsky,Staff,1993-08-09,40000
24553,Anwar,Passafiume,Staff,1987-01-30,58459
257469,Anyuan,Hanratty,Senior Staff,1988-01-06,53367
92846,Anyuan,Kropatsch,Staff,1986-09-05,44033
482905,Aral,Hebden,Senior Staff,1991-09-10,65709
446959,Aram,Passino,Senior Engineer,1995-01-28,46058
94416,Aran,Cesareni,Senior Staff,2001-11-20,61048
453070,Aran,Rosenbaum,Senior Staff,1991-04-25,40000
243898,Arch,Basawa,Staff,1998-05-10,58876
457938,Arch,Picco,Staff,1997-10-22,56568
109703,Arco,Walston,Engineer,1999-08-16,46705
214789,Arfst,Chepyzhov,Senior Engineer,1989-02-06,40000
432034,Arfst,Uehara,Senior Staff,1994-07-10,50138
92438,Aria,Kilgore,Senior Engineer,1992-04-11,54543
93549,Arie,Coullard,Senior Staff,2000-03-28,81468
76201,Arif,Preusig,Senior Engineer,1992-04-02,45799
469735,Arif,Stranks,Senior Engineer,1992-11-16,65879
254399,Armond,Lores,Technique Leader,1999-09-16,58503
213447,Armond,Perly,Senior Engineer,1989-09-14,57808
79606,Arnd,Peir,Senior Engineer,1986-12-11,50381
453723,Arne,Kohling,Engineer,1985-12-13,40996
285906,Arnould,Buescher,Engineer,1998-03-26,49297
53924,Arnould,Gaughan,Engineer,1991-01-23,40000
89941,Arnould,Weedman,Senior Staff,1989-07-28,55028
50453,Aron,Harbusch,Staff,1997-10-02,79402
452206,Arra,Esposito,Staff,1994-11-03,57175
70990,Arumugam,Nitta,Senior Engineer,1990-03-23,56701
498845,Arumugam,Pelc,Senior Engineer,1999-11-13,40000
96767,Arumugam,Vecchio,Senior Engineer,1985-08-14,68591
478768,Arun,Katzenelson,Senior Engineer,1991-10-28,67237
471911,Arun,Zaccaria,Assistant Engineer,1990-05-31,40000
418717,Arunachalam,Magliocco,Senior Staff,1987-12-23,67967
244873,Arunachalam,Oppitz,Senior Staff,1986-05-20,82148
239706,Arunas,Bugrara,Assistant Engineer,1997-04-03,58498
52639,Arup,Colorni,Senior Staff,1996-02-05,69976
432261,Arve,Bergere,Engineer,1987-07-28,73145
204246,Arve,Worfolk,Staff,1985-04-01,40000
418298,Arvin,Pusterhofer,Senior Engineer,1995-03-02,40000
15413,Arvin,Rabejac,Engineer,1994-01-01,40000
294527,Ashish,Candan,Senior Staff,1992-02-02,62362
78106,Ashish,Ratnaker,Senior Staff,2000-01-17,73059
35642,Ashish,Talmon,Senior Engineer,1999-02-28,40000
216573,Ashish,Vidya,Engineer,1989-06-16,41448
241667,Atilio,Olivero,Senior Engineer,1985-09-04,56580
276445,Atilio,Randi,Senior Engineer,1988-07-02,63137
64532,Atilio,Segond,Senior Engineer,1990-11-29,76024
263439,Atreye,Kabayashi,Senior Engineer,1986-12-15,40000
32552,Atreye,Stanger,Engineer,1993-09-10,50710
52599,Augustine,Mungall,Engineer,1994-01-13,48897
97661,Avishai,Hegner,Senior Staff,1993-05-08,46725
473940,Avishai,Majewski,Engineer,1998-01-10,46814
275801,Ayakannu,Heinisuo,Senior Staff,1986-06-28,70395
249433,Ayonca,Matzov,Engineer,1988-06-03,50915
106710,Babette,Anandan,Senior Staff,1986-11-22,60537
84029,Babette,Eugenio,Staff,1997-09-21,40000
90211,Bader,Denis,Engineer,1997-10-06,40000
222616,Badri,Schapire,Assistant Engineer,1998-01-19,40000
109278,Bangqing,Schach,Senior Staff,1988-03-22,57911
49477,Baocai,Leaver,Senior Staff,1998-08-05,40000
499495,Baoqiu,Kakkar,Engineer,1999-08-30,40000
264167,Baoqiu,Tomescu,Senior Engineer,1996-05-01,59581
232697,Barry,Ramsak,Senior Engineer,1990-09-07,40000
22455,Barry,Unno,Senior Staff,1990-11-16,69644
429532,Bartek,Vendrig,Staff,1992-06-06,68137
469253,Baruch,Basawa,Engineer,1993-09-17,40000
404788,Basem,Beausoleil,Engineer,1998-03-16,50754
471552,Basem,Lortz,Staff,1997-10-25,42758
233785,Baziley,Ballarin,Senior Staff,1987-07-28,88012
468773,Baziley,Brookner,Senior Engineer,1993-09-22,41553
207551,Baziley,Falck,Assistant Engineer,1995-02-18,40000
60845,Bedir,Siegrist,Engineer,1997-05-13,71431
451275,Bedrich,Isard,Senior Staff,1986-06-07,40000
288893,Bedrich,Rosenbaum,Engineer,1991-01-27,40000
286452,Behnaam,Bierbaum,Engineer,1999-01-31,43036
457489,Berna,Ranst,Engineer,1985-05-14,42727
444643,Berna,Schonegge,Staff,1998-06-28,40000
414543,Bernd,Anick,Senior Engineer,1988-11-19,68487
292515,Bernd,Thummel,Engineer,1989-08-03,40000
261662,Berni,Assaf,Senior Staff,1989-09-08,64577
453644,Berni,Takkinen,Staff,1992-06-08,60389
17206,Berry,DeMori,Senior Engineer,1992-12-27,40000
229098,Berry,Yurek,Senior Staff,1995-08-16,41874
435305,Berthier,Pramanik,Senior Staff,1993-01-23,61083
103342,Beshir,Hellwagner,Engineer,1998-02-03,40000
58141,Bezalel,Karner,Staff,1994-09-27,46317
230126,Bezalel,Radivojevic,Senior Staff,1988-07-02,40000
251645,Bezalel,Tsunoo,Senior Staff,1992-06-17,54614
466509,Bezalel,Verhoeff,Senior Engineer,1988-03-22,40000
41137,Bikash,Buchter,Staff,1996-01-08,71921
228554,Bilhanan,Brendel,Senior Staff,1990-12-23,71741
239748,Bilhanan,Dusink,Senior Staff,1988-06-04,69092
242500,Bingning,Iisaku,Senior Staff,1989-06-26,76979
241872,Bluma,Fetvedt,Staff,2001-11-14,40000
477969,Bluma,Mundy,Engineer,1991-10-18,40000
466745,Boalin,Birsak,Staff,1995-10-16,40000
290075,Boalin,Byoun,Staff,1990-10-01,49861
278239,Boaz,Bottner,Staff,1994-02-06,40000
244624,Boaz,Seuren,Staff,1987-03-27,40000
400796,Bodo,Halevi,Engineer,1996-05-30,40000
53874,Bodo,Schade,Staff,1986-02-14,51955
264939,Bogdan,Bahi,Senior Engineer,1999-02-13,40000
50670,Boguslaw,Snedden,Senior Staff,1985-02-20,64895
433059,Bojan,Montresor,Staff,1995-02-04,83650
34936,Bokyung,Stamatiou,Technique Leader,1991-02-12,65899
15058,Bouchung,Bugrara,Senior Staff,1990-06-18,62294
417435,Bouchung,Zaumen,Senior Staff,1999-01-29,88979
243018,Bowen,Deverell,Senior Staff,1998-12-27,62716
289454,Bowen,Narwekar,Senior Engineer,1985-03-08,52363
54800,Breannda,Cangellaris,Staff,2000-01-27,74827
83509,Breannda,Collavizza,Engineer,1989-10-12,40000
488540,Breannda,Maquelin,Senior Staff,1996-04-12,88346
273286,Brigham,Asmuth,Engineer,1989-01-23,43159
435042,Brigham,Borstler,Staff,1995-10-09,55687
42911,Brigham,Eterovic,Engineer,1994-10-08,40181
216375,Byong,Gustavson,Senior Engineer,1985-03-12,59674
20313,Candida,Benveniste,Engineer,1999-01-20,40000
498185,Caolyn,Marciano,Senior Engineer,1999-06-06,40000
294857,Caolyn,Ozeri,Senior Engineer,1986-07-29,76899
278386,Caolyn,Poujol,Technique Leader,1995-12-03,42957
14158,Caolyn,Setiz,Staff,1990-02-06,67559
99377,Carrsten,Francisci,Senior Engineer,1991-06-16,51127
71334,Cathie,Peck,Senior Engineer,2001-03-04,40000
297431,Cathie,Ratnakar,Senior Staff,1996-06-23,58600
241100,Cedric,Molenaar,Senior Engineer,1990-10-06,40000
233690,Cedric,Riefers,Engineer,1994-09-08,47246
231671,Chandrasekaran,Pearson,Staff,1995-04-14,40000
35441,Chandrasekaran,Peek,Senior Engineer,1990-09-17,48152
39036,Changho,Cappelli,Staff,1996-05-04,40000
424685,Changho,Veevers,Senior Staff,1997-03-03,44053
450934,Chanjung,Raoux,Senior Engineer,1992-05-25,40000
252185,Chaosheng,Conta,Assistant Engineer,1997-04-14,44552
491596,Charmane,Pargas,Engineer,1992-08-03,40000
296428,Charmane,Simmen,Staff,1989-03-07,62557
28974,Chenxi,Sundgren,Senior Engineer,1986-09-02,40000
61253,Cheong,Uhrik,Engineer,2002-05-09,40000
52038,Chikako,Armand,Senior Engineer,1985-05-18,52102
262210,Chinho,Bottner,Assistant Engineer,1985-07-29,50052
441536,Chinho,Collette,Senior Engineer,1995-10-09,40000
414714,Chinho,Delgrande,Senior Staff,1996-11-07,47105
34446,Chinhyun,Bauknecht,Senior Engineer,1986-12-19,40000
68633,Chinhyun,Rassart,Senior Engineer,1993-07-29,60777
69878,Chinya,Cooke,Engineer,1997-01-29,46063
207779,Chinya,Kamble,Senior Staff,1992-05-31,48113
453688,Chinya,Leslie,Engineer,1995-10-28,40000
448918,Chiradeep,Arlazarov,Engineer,1989-10-06,48275
85414,Chiradeep,Callaway,Staff,1999-07-30,46065
247612,Chiranjit,Constantine,Engineer,1997-05-25,40000
223595,Chiranjit,Dredge,Technique Leader,1999-09-05,44999
279791,Chiranjit,Lyonns,Assistant Engineer,1986-12-24,40000
295411,Chiranjit,Serot,Staff,1997-04-04,53572
51036,Chriss,Fasbender,Staff,1995-05-23,55121
443108,Christfried,Atrawala,Senior Staff,1998-11-29,60079
20500,Christoph,Trystram,Staff,1993-10-15,40000
475538,Christophe,Leaver,Staff,1998-10-31,40000
200267,Chuanti,Luff,Staff,1994-09-21,40000
92841,Claude,Candan,Senior Staff,1993-08-04,78441
441965,Claudi,Heijenga,Senior Staff,1988-08-30,40000
294446,Claudi,Ruemmler,Staff,1999-08-13,57740
212361,Claudi,Stanfel,Senior Engineer,1996-01-07,40000
435370,Conal,Basart,Senior Staff,1991-05-17,56330
259619,Conal,Magliocco,Senior Staff,1992-05-09,41263
415363,Conal,Shackell,Senior Staff,1995-02-23,56789
89161,Conal,Yetto,Senior Staff,1991-01-12,40000
78871,Conor,Ghandeharizadeh,Senior Engineer,1985-05-25,63067
87783,Conor,Thorensen,Senior Engineer,1988-02-24,61557
423327,Constantijn,Lichtman,Senior Staff,1994-06-26,79684
24571,Cordelia,Gischer,Engineer,1989-03-14,40000
288563,Cristinel,Gerlach,Senior Engineer,1996-01-09,40000
450817,DAIDA,Frolund,Engineer,1987-07-17,56583
446424,DAIDA,Nooteboom,Engineer,1985-11-24,58549
499260,Danae,Honglei,Engineer,1998-09-14,40000
401154,Danae,Kragelund,Staff,1987-05-20,40000
291352,Danai,Trelles,Technique Leader,1997-08-26,55697
496978,Danco,Debuse,Staff,1993-09-10,74289
424569,Danco,Luff,Engineer,1997-10-30,67193
426235,Danco,Rajala,Staff,1991-03-29,46445
418309,Danel,Petereit,Senior Engineer,1985-02-21,47095
263186,Danny,Lowrie,Technique Leader,1995-09-13,40000
447018,Dannz,Miara,Senior Engineer,1992-12-04,40000
61377,Dannz,Ohori,Staff,1997-04-13,40000
270794,Dannz,Zhang,Senior Staff,1991-06-26,73566
209565,Dante,Covnot,Senior Staff,1989-05-28,40000
414814,Dayanand,Wielonsky,Staff,1999-02-28,43223
403621,Deborah,Kaminger,Staff,1988-06-04,52532
409798,Dekang,Tsunoo,Technique Leader,1995-01-19,55643
220029,Demos,Asser,Senior Engineer,1985-11-04,43792
488142,Denis,Narlikar,Senior Staff,1991-07-01,40612
480407,Deniz,Bennis,Senior Engineer,1989-06-24,40000
66702,Deniz,Thibadeau,Engineer,1994-09-27,52161
299718,Denny,Shobatake,Senior Staff,1997-06-22,40000
14075,Denny,Tchuente,Engineer,1991-05-30,40000
99590,Dhritiman,Anily,Staff,1998-12-16,86023
105356,Diederik,Matzov,Engineer,1995-03-08,43737
230689,Dietrich,Crabtree,Senior Staff,1986-05-24,45823
435602,Dietrich,Kranzdorf,Staff,1992-10-04,70591
200735,Dinah,Denos,Staff,1992-09-21,65769
437276,Dines,DeMori,Senior Staff,1987-12-07,52997
214995,Dinkar,Hoppenstand,Engineer,1994-05-04,40000
296664,Dipayan,Geffroy,Senior Engineer,1987-09-17,40000
10291,Dipayan,Seghrouchni,Senior Staff,1987-03-30,57430
409898,Divier,Ishibashi,Engineer,1989-09-22,60860
251341,Divier,Kumaresan,Senior Staff,1992-12-05,40000
81644,Divine,Ghandeharizadeh,Staff,1997-11-28,96620
273159,Divine,Hofmeyr,Technique Leader,1989-04-14,40000
31147,Divine,Sidhu,Senior Staff,1989-07-05,54305
103196,Djenana,Albarhamtoshy,Staff,1988-07-16,40000
478218,Djenana,Erol,Engineer,1999-12-03,65244
221435,Djenana,Marrevee,Engineer,1994-02-06,68650
91648,Dmitry,Msuda,Staff,1988-10-22,84094
249504,Dmitry,Velardi,Engineer,1995-10-20,40000
71066,Domenick,Basart,Senior Staff,1996-01-05,78430
66382,Domenico,Candan,Engineer,1997-07-13,55428
211858,Domenico,Ratnaker,Senior Engineer,1985-03-24,43498
476361,Doohun,Preusig,Technique Leader,1993-04-28,42446
478170,Doowon,Schoegge,Assistant Engineer,1995-04-13,40000
440325,Douadi,Sullins,Senior Staff,1999-09-25,70248
482944,Duke,Journel,Senior Staff,1991-10-26,96529
45162,Dulce,Speel,Engineer,1987-10-19,58610
66530,Dung,Leaver,Staff,1998-04-04,40000
483978,Dung,Tanemo,Staff,1990-01-28,100425
284561,Duri,Beznosov,Senior Engineer,1988-02-15,50960
410372,Duri,Mitina,Senior Engineer,1990-03-04,40608
260501,Dzung,Pargas,Technique Leader,1990-05-17,59070
295268,Eben,Calkin,Senior Staff,1996-12-19,62556
84236,Eberhardt,Barriga,Staff,1987-06-04,79481
53314,Eberhardt,Carrera,Staff,1999-02-23,40000
404573,Eberhardt,Spelt,Staff,1997-07-05,40000
445950,Ebru,Valtorta,Engineer,1992-12-09,40000
47708,Edwin,Haldar,Senior Staff,1995-07-12,76137
487988,Ekawit,Schaft,Staff,1990-05-20,40000
64984,Eldridge,Eldridge,Senior Engineer,1994-08-04,40000
445067,Eldridge,Kawashima,Engineer,1990-02-27,45253
414551,Elliott,Copas,Senior Engineer,1994-09-13,41620
287334,Elliott,Speer,Engineer,1998-08-08,47441
19236,Elzbieta,Morris,Senior Engineer,1988-07-12,67760
241567,Emran,Miara,Engineer,1989-05-02,40000
34788,Ennio,Babu,Senior Engineer,1994-08-31,58068
437724,Erez,Luft,Staff,1994-12-14,53468
60238,Erzsebet,Claffy,Staff,1999-02-19,73612
430054,Erzsebet,Setiz,Senior Engineer,1993-06-10,91507
34533,Erzsebet,Shigei,Senior Engineer,1995-01-16,40829
232178,Etsuo,Anandan,Staff,1989-12-13,40000
54632,Etsuo,Serot,Senior Staff,1989-06-14,43788
233426,Etsuo,Usery,Engineer,1995-03-02,40990
203599,Ewing,DiGiano,Technique Leader,2000-02-01,41382
479024,Ewing,Kalorkoti,Engineer,1996-12-21,60882
229727,Ewing,Millington,Engineer,1999-09-28,43638
453760,Ewing,Rajala,Senior Staff,1996-06-21,40000
107737,Fabrizio,Chleq,Senior Engineer,1999-07-31,70367
229220,Fabrizio,Lichtman,Senior Engineer,1987-02-09,40000
440937,Fabrizio,Usery,Staff,1992-10-13,55815
453790,Fai,Keirsey,Senior Engineer,1994-10-12,59270
289687,Fai,Maccarone,Senior Staff,1985-10-30,45390
291669,Faiza,Bach,Engineer,1999-09-13,59691
77030,Faiza,Garnham,Technique Leader,1986-03-02,47503
63631,Falguni,Cherinka,Senior Engineer,1987-10-15,40000
27699,Falguni,Pezzoli,Engineer,1996-12-23,67505
201709,Fan,Kakkad,Senior Staff,1988-02-25,78121
265875,Fan,Marsiglia,Engineer,1989-09-03,44708
282894,Fay,Bellmore,Engineer,1989-05-03,53242
446121,Fay,Cochrane,Staff,1999-12-13,66901
233397,Fay,Sundgren,Senior Staff,1990-07-07,63272
497340,Fayez,Keohane,Senior Staff,1990-09-19,62550
407837,Fei,Erez,Engineer,1988-04-02,47359
452365,Fei,Gadepally,Assistant Engineer,1988-11-13,40000
79895,Fei,Murtagh,Senior Staff,1986-01-19,51534
436915,Feixiong,Haraldson,Staff,1998-10-11,40000
435289,Feixiong,Schurmann,Senior Staff,1987-02-15,78074
471532,Feiyu,Decleir,Technique Leader,1998-09-13,46522
427332,Feiyu,Hemaspaandra,Staff,1995-06-04,50549
72194,Feiyu,Siepmann,Senior Engineer,1998-10-01,70267
34505,Felicidad,Kumaresan,Senior Staff,1994-09-06,87384
36626,Fen,Genin,Senior Staff,1986-05-09,48437
85216,Ferdinand,Rosiles,Senior Staff,1997-07-08,50873
48947,Filipp,Akaboshi,Senior Staff,1992-05-20,57836
17970,Filipp,Carrere,Technique Leader,1989-01-09,40000
49017,Filipp,Flanders,Engineer,1990-11-26,46622
440870,Filipp,Hasham,Staff,1996-10-14,40000
18424,Filipp,Rousseau,Senior Engineer,1995-06-07,40000
245164,Filipp,Winter,Engineer,1996-10-24,57847
432665,Flemming,Driscoll,Senior Engineer,1994-05-28,42199
215419,Flemming,Kroha,Staff,1995-01-23,40000
498635,Florian,Pezzoli,Staff,1988-07-22,43577
457776,Florian,Siepmann,Senior Engineer,1987-12-21,42709
458111,Florian,Tramer,Engineer,1999-11-07,76812
401420,Florian,Uhrig,Senior Staff,1987-01-31,40000
98639,Florina,Assaf,Staff,1996-05-18,40000
298577,Florina,Litecky,Staff,1985-12-02,75632
234739,Foong,Aamodt,Senior Engineer,1986-06-28,40000
457813,Foong,Gargeya,Senior Engineer,1992-01-24,40000
227901,Francesca,Azuma,Staff,1996-06-08,40000
240870,Francesca,Chorvat,Staff,1992-03-17,40000
83280,Francesca,Ellozy,Senior Engineer,1999-08-08,53451
488095,Francoise,Hegner,Senior Staff,1997-12-23,40000
204471,Franziska,Maginnis,Senior Engineer,1986-02-17,40000
420694,Frazer,Barbanera,Senior Staff,1986-11-04,40000
409805,Frazer,Candan,Senior Engineer,1999-03-05,60575
73076,Froduald,Feldhoffer,Senior Engineer,1993-03-16,44141
90518,Fumiko,Chepyzhov,Staff,1988-01-28,42375
38168,Fumiko,Deverell,Staff,1987-08-15,40000
478007,Fumino,Narahara,Engineer,1991-09-21,47559
449815,Fumitaka,Quittner,Senior Staff,1988-04-20,43762
67548,Fumitaka,Roohalamini,Staff,1998-06-27,40000
299346,Fumitake,Sichman,Senior Staff,1991-02-21,40000
429569,Fumiya,Chappelet,Assistant Engineer,1992-09-03,47441
293329,Fumiya,Griswold,Engineer,1986-06-12,60254
475258,Fumiyo,Feinberg,Senior Staff,2000-02-12,40000
295030,Fun,Keirsey,Senior Staff,1985-07-09,40000
263926,Fusako,Schwartzbauer,Staff,1985-04-07,43694
491632,Gadiel,Perly,Staff,1986-10-20,75387
284717,Gal,Ranta,Senior Engineer,1992-11-07,40000
453154,Gao,Lally,Staff,1996-03-01,40000
211879,Gao,Ranze,Engineer,1994-11-24,40000
227899,Garnik,Luce,Staff,1998-09-15,61605
421033,Garnik,Randt,Senior Staff,1989-12-23,87795
480268,Gaurav,Cheshire,Technique Leader,1989-03-30,44209
426818,Gaurav,Fendler,Staff,1992-02-15,40000
445723,Gaurav,Roison,Senior Staff,1991-07-12,55964
16528,Gaurav,Swick,Engineer,1996-05-07,49557
457070,Gay,Plavsic,Senior Staff,1987-08-06,40000
475087,Genevieve,Snedden,Senior Engineer,1988-10-21,40000
58819,Gennady,Liesche,Senior Staff,1987-12-02,71147
17731,Gennady,Roison,Assistant Engineer,1989-12-06,68972
447135,Gennady,Rouquie,Senior Staff,1989-08-24,40000
435588,Genta,Pepe,Staff,1994-04-12,40000
201739,Genta,Terekhov,Assistant Engineer,1998-07-21,57310
408114,Geoffrey,Ladret,Engineer,1994-01-03,75323
486808,Geoffrey,Siochi,Senior Engineer,1998-12-27,40000
458191,George,Atchley,Staff,1997-07-02,71591
246244,George,Casperson,Staff,2000-01-20,53305
224934,George,Miake,Senior Staff,1988-01-02,40000
292504,Georgi,Bednarek,Senior Engineer,1994-03-02,40000
249969,Georgi,Luiz,Senior Engineer,1991-06-10,73578
406125,Georgi,Portugali,Technique Leader,1987-09-27,40000
488619,Georgy,Bennis,Engineer,1998-04-11,58714
498456,Geraldo,Gerteisen,Staff,1987-06-05,40000
428219,Ghassan,Androutsos,Staff,1987-12-26,84926
95416,Gianluca,Ramaiah,Engineer,1993-11-29,51499
455814,Giao,DuCasse,Engineer,1991-07-19,40757
245396,Gift,Bottner,Senior Staff,1995-03-04,40000
276563,Gift,Solares,Senior Staff,1995-08-01,40000
261986,Gila,Ramsak,Senior Engineer,1997-05-13,50346
29265,Gilbert,Calkin,Senior Staff,1988-03-21,40000
229404,Gilbert,Kilgour,Staff,1996-04-05,55086
252316,Gill,Niizuma,Senior Engineer,1994-10-08,46232
450309,Gill,Orlowska,Technique Leader,1986-12-25,47695
491478,Gill,Varman,Staff,1988-06-18,50787
454378,Gina,Ossenbruggen,Technique Leader,1998-01-03,63514
210449,Gino,Lagarias,Engineer,1997-06-22,47376
235458,Gio,Heuser,Senior Staff,1992-06-28,46139
227354,Gio,Murtha,Senior Engineer,1986-11-11,49256
416877,Gio,Orsini,Senior Staff,1988-12-07,82181
226216,Giordano,Gini,Technique Leader,1993-08-14,40000
496970,Giordano,Maquelin,Senior Engineer,1999-12-31,58910
202950,Giordano,Pietrzykowski,Senior Staff,1987-03-26,40000
476055,Girolamo,Schlumberger,Staff,1993-03-07,40000
485253,Gladys,Parhami,Senior Staff,1996-07-20,53582
472052,Godehard,Chinal,Assistant Engineer,1995-12-09,52516
109953,Godehard,Chorvat,Senior Staff,1988-04-10,56632
231798,Goetz,Alvarado,Engineer,1988-12-25,46062
492677,Goetz,McAffer,Engineer,1988-02-05,57772
64209,Golgen,Schoegge,Senior Staff,1988-02-26,40000
411143,Goncalo,Barbanera,Senior Staff,1996-09-01,87814
47262,Gonzalo,Binkley,Engineer,1985-08-16,40000
88103,Goo,Bresenham,Senior Staff,1999-01-31,81862
214866,Gopalakrishnan,Angel,Senior Engineer,1997-07-05,40000
426824,Gopalakrishnan,Mawatari,Staff,1997-12-07,58680
222952,Gopalakrishnan,Suermann,Senior Engineer,1991-04-30,51100
109211,Gor,Delgrande,Senior Engineer,2002-06-18,40000
452956,Gou,Thombley,Senior Engineer,1990-11-07,44716
290441,Gregory,Collavizza,Senior Staff,1987-09-09,91982
204425,Gretta,Huttel,Senior Engineer,1990-10-08,40000
235325,Gro,Prochazka,Engineer,1992-10-16,40000
206836,Guadalupe,Pfau,Senior Staff,1993-03-22,48691
410616,Gudjon,Kalorkoti,Senior Engineer,1994-04-14,40000
30695,Gudjon,Majewski,Senior Engineer,1999-10-26,42052
79171,Guiseppe,Ellozy,Senior Engineer,1991-01-12,44193
272285,Gully,Mitchem,Senior Staff,1986-01-22,40000
202403,Gully,Perko,Engineer,1999-07-07,40000
254044,Gunilla,Brendel,Senior Engineer,1992-04-10,40000
439924,Gunilla,Kisuki,Senior Staff,1994-08-14,81991
273858,Gunilla,Matzen,Staff,1990-12-28,66820
91256,Gunilla,Milicic,Staff,1998-01-09,81518
425830,Guther,Conia,Engineer,1999-02-13,63504
89590,Guther,Rothenberg,Staff,1991-08-08,67868
36844,Hailing,Levergood,Staff,2000-01-12,57007
97623,Haldon,Janetzko,Senior Staff,1990-09-11,45153
427805,Haldun,Compeau,Senior Staff,1997-10-15,66766
481790,Haldun,Erie,Senior Engineer,1999-01-01,50133
105520,Haldun,Lienhardt,Senior Staff,1987-01-29,71995
448994,Haldun,Syang,Staff,1997-02-11,55952
256216,Halsur,Brodal,Engineer,1997-11-22,40000
469527,Halsur,Ibel,Staff,1998-03-05,43350
80948,Harjit,Bardell,Senior Engineer,1991-05-24,40000
413729,Harjit,Ernst,Technique Leader,1992-04-26,40000
229248,Harjit,Terekhov,Staff,1995-10-19,40000
40536,Harngdar,Bernardinello,Senior Engineer,1988-02-29,49948
31514,Harngdar,Schapire,Senior Engineer,1996-11-09,62415
260399,Hatem,Birsak,Staff,1989-04-10,63485
109741,Hatem,Fadgyas,Senior Engineer,1991-11-13,40000
428195,Hatsukazu,Rosca,Senior Staff,1993-08-02,63119
483675,Hausi,Kamber,Senior Engineer,1988-02-16,40000
256888,Heather,Pehl,Staff,1993-09-15,50006
100916,Heejo,Aamodt,Senior Engineer,1992-04-22,58123
255779,Heejo,Merle,Technique Leader,1997-09-04,40000
62033,Heeju,Cappelli,Engineer,1987-01-15,69343
280648,Heeju,Lorys,Senior Engineer,1986-12-27,61217
60000,Heekeun,Emmart,Engineer,1995-09-23,60002
63566,Heekeun,Slaats,Senior Staff,1999-01-12,40000
492217,Heekeun,Verhaegen,Senior Engineer,1991-09-28,43116
469867,Hein,Jonsson,Staff,1985-02-12,49974
204470,Hein,Lichtner,Staff,1998-05-02,55499
235729,Henk,Anger,Senior Staff,1993-01-19,52272
419099,Heon,Broomell,Staff,1998-05-06,96271
103756,Heping,Halloran,Engineer,1992-04-08,40000
94944,Heping,Matheson,Engineer,1988-06-24,57985
423350,Heping,Monarch,Senior Staff,1988-04-15,45927
445152,Heping,Peac,Senior Staff,1985-03-20,49949
444070,Heping,Skrikant,Staff,1990-11-27,40000
242019,Herb,Murrill,Senior Engineer,2001-10-28,50527
465874,Herb,Picht,Assistant Engineer,1985-05-31,72099
226227,Herbert,Erva,Engineer,1986-09-06,55409
484498,Herbert,Hammerschmidt,Senior Engineer,1996-08-22,66106
277777,Herbert,Itzigehl,Senior Engineer,1990-07-04,40000
446306,Hercules,Kabayashi,Senior Engineer,1991-06-10,52162
435791,Hercules,Speer,Engineer,1994-03-07,41333
223593,Hidefumi,Moehrke,Staff,1998-03-04,56912
478858,Hidekazu,Perna,Staff,1999-11-08,40000
263012,Hideo,Buchter,Staff,1999-05-01,40755
431882,Hideo,Varman,Engineer,1997-06-19,53101
249239,Hideyuki,Decleir,Senior Engineer,1994-05-04,40000
276472,Hideyuki,Flanders,Engineer,1988-11-10,49162
293080,Hideyuki,Slaats,Senior Staff,1987-05-30,59821
400046,Hilari,Christ,Senior Staff,1996-10-07,40000
23396,Hilari,Fairtlough,Technique Leader,1986-12-15,55806
10095,Hilari,Morton,Senior Staff,1994-03-10,63668
289909,Hilari,Vecchio,Senior Staff,1993-04-24,73997
251166,Hinrich,Hooghiemstra,Senior Staff,1985-10-05,74699
449984,Hinrich,Perin,Engineer,1985-11-20,40000
63441,Hinrich,Scallan,Staff,1999-04-04,40000
459685,Hirochika,Goldhammer,Engineer,1998-03-12,44433
294652,Hironobu,Brodie,Engineer,1998-12-21,40000
493031,Hironoby,Jakobus,Staff,1991-07-30,58953
74344,Hiroyasu,Provine,Engineer,1994-11-25,40000
63419,Hiroyasu,Seuren,Senior Engineer,1989-03-05,40000
466367,Hiroyasu,Strandh,Senior Staff,1989-06-05,40000
108091,Hisao,Ghemri,Staff,1985-11-14,56381
100865,Hisao,Peral,Engineer,1990-10-03,84451
94761,Hitofumi,Zaccaria,Senior Engineer,1988-11-22,48772
48690,Hitomi,Schaap,Staff,1999-09-27,47581
71710,Hitomi,Takanami,Assistant Engineer,1997-12-15,43204
272599,Holgard,Hegner,Senior Staff,1993-07-15,42096
276027,Holgard,Stavenow,Staff,1986-02-28,40000
74200,Holgard,Weiland,Senior Engineer,1991-09-24,40000
72640,Honglan,Hutton,Engineer,1993-10-04,40000
273806,Hongzhu,Beetstra,Senior Staff,1997-08-18,81637
469399,Hongzhu,Ruemmler,Engineer,2000-06-06,51576
256856,Hongzue,Barbanera,Staff,1987-06-17,40000
292404,Hongzue,Zultner,Senior Staff,1990-02-22,44910
288665,Horward,Khasidashvili,Senior Engineer,1998-11-19,48607
217363,Horward,Marzano,Staff,1996-04-11,74333
413098,Hsiangchu,Taubenfeld,Senior Staff,1993-04-17,45619
22185,Huai,Birch,Engineer,2002-06-12,40000
236883,Huan,Olivero,Staff,1999-11-19,72410
255466,Huan,Roccetti,Senior Engineer,1985-07-03,53964
43733,Huei,Boguraev,Senior Staff,1993-12-31,40000
92920,Huei,Hutter,Engineer,1993-01-28,40000
38593,Huei,Orsini,Engineer,1986-06-04,60124
468360,Huei,Saoudi,Technique Leader,1994-08-10,40000
203474,Hugh,Jonsson,Staff,1991-07-06,71401
429087,Hugh,Senzako,Technique Leader,1992-10-15,51383
473268,Hugo,Sgarro,Senior Staff,1992-04-24,55564
426795,Huican,Lunn,Senior Staff,1986-07-23,48445
464284,Huiqun,Henders,Senior Staff,1993-05-19,85882
253893,Huiqun,Trystram,Senior Engineer,1993-05-10,44376
228098,IEEE,Kroll,Engineer,1998-02-17,40000
236315,IEEE,Raczkowsky,Technique Leader,1996-07-24,40000
457611,Indrajit,Krogh,Engineer,1998-09-18,40000
25488,Ingmar,Basawa,Senior Staff,1991-11-09,40851
214539,Ingmar,Kohling,Engineer,1995-04-25,64488
32649,Ingmar,Nannarelli,Senior Staff,1988-06-10,51124
253707,Insup,Hainaut,Staff,1998-02-11,57777
236591,Insup,Reinhard,Senior Staff,1985-04-08,63990
256881,Ioana,Jakobus,Senior Engineer,1990-08-10,45924
225788,Ipke,Kieras,Engineer,1995-12-18,40000
414662,Ipke,Schneeberger,Senior Engineer,1985-09-20,52170
444208,Irena,Cesareni,Senior Staff,1985-10-30,81161
235017,Irena,Dratva,Staff,1991-09-07,66452
267667,Irena,Kaiserswerth,Staff,1987-09-05,75381
297474,Irena,Terkki,Staff,1998-03-11,44241
408163,Irene,Sethi,Senior Engineer,2000-08-12,67566
276189,Isaac,Klerer,Staff,1995-03-19,47945
202882,Isaac,Koshino,Senior Engineer,1995-09-28,40000
284300,Ishfaq,Mahmud,Staff,1991-11-29,90644
463023,Itzchak,Penn,Staff,1999-01-21,53407
248351,Jaana,Milicia,Senior Staff,1985-06-02,55386
24080,Jaana,Perez,Technique Leader,1996-03-11,47203
278549,Jaana,Werthner,Senior Staff,1989-07-27,89009
463472,Jaber,Sethi,Technique Leader,2000-06-11,40000
457832,Jackson,Zielinski,Senior Engineer,1997-09-12,40000
295255,Jacopo,Bellone,Technique Leader,1988-03-13,42789
451272,Jacopo,Krohm,Senior Engineer,1991-04-24,50905
207021,Jacqueline,Akaboshi,Engineer,1997-12-06,46523
424805,Jacqueline,Zallocco,Senior Staff,1987-12-17,81079
81105,Jaewon,Boissier,Senior Engineer,1992-05-24,51686
86422,Jaewon,Thummel,Staff,1985-09-14,40000
241254,Jagoda,Anguita,Senior Engineer,1993-05-11,40000
422783,Jagoda,Uhrig,Engineer,1995-09-01,40000
449189,Jahangir,Bernatsky,Senior Staff,1995-09-30,52150
280420,Jahangir,Hofting,Staff,1986-09-28,80385
425875,Jahangir,Kroft,Senior Staff,1990-06-11,41046
451253,Jaihie,Ozeri,Staff,1991-06-21,66577
229981,Jamaludin,Fordan,Engineer,1992-02-06,56315
428160,Jamaludin,Kalorkoti,Senior Staff,1998-09-06,62732
109062,Jamaludin,Kandlur,Senior Engineer,1992-06-19,45396
91415,Jamaludin,Nilsson,Staff,1987-01-15,50426
430593,Janalee,Lanzelotte,Senior Staff,1997-12-01,40000
68648,Jaques,DiGiano,Technique Leader,1992-04-01,55150
427823,Jaques,Gecsei,Staff,1999-07-13,46107
93040,Jaques,Kabayashi,Senior Engineer,1992-03-13,56125
286029,Jaques,Nanard,Staff,1996-07-16,41827
427776,Jaques,Navazio,Staff,1989-04-04,83358
22451,Jasminko,Bresenham,Staff,1994-01-19,40000
235793,Jayesh,Spinelli,Senior Engineer,1999-01-16,61027
482354,Jayson,Zockler,Staff,1999-11-06,40000
65171,Jeane,Tasistro,Technique Leader,1994-07-06,71349
403954,Jeanna,Bratten,Senior Engineer,1990-07-26,40000
97018,Jeanna,Chinen,Senior Engineer,1989-01-01,44400
278953,Jeanna,Ghandeharizadeh,Senior Engineer,1990-08-11,40000
402718,Jeanna,Rettelbach,Senior Engineer,1990-02-14,58377
60559,Jeanna,Stemann,Engineer,1988-08-29,41261
79310,Jeong,Cunliffe,Senior Staff,1996-10-27,43707
37070,Jeong,Undy,Senior Staff,1985-02-13,43215
204117,Jessie,Nooteboom,Staff,2000-12-13,80942
33025,Jessie,Thorelli,Senior Staff,1999-12-16,40000
53597,Jiafu,Marchegay,Engineer,1985-03-02,41626
26671,Jiakeng,Kalorkoti,Engineer,1994-12-25,68039
35044,Jiang,Waschkowski,Engineer,1989-05-27,52310
217387,Jianhao,Molenaar,Engineer,1987-10-22,40000
66643,Jianhao,Tomescu,Engineer,1996-08-26,41133
261631,Jianhua,Huttel,Engineer,1998-02-23,48817
21181,Jianhui,Cangellaris,Engineer,1991-10-06,60114
275881,Jiann,Munro,Senior Engineer,1988-05-18,40000
55799,Jianwen,Litzler,Senior Engineer,1987-06-17,61980
457146,Jinpo,Heyers,Staff,1999-01-07,58534
463099,Jinxi,Schmiedel,Staff,1990-09-21,59911
218100,Jiong,Garnham,Staff,1990-01-02,40000
488693,Jiong,Zultner,Senior Engineer,1993-03-10,40000
86672,JoAnne,Anido,Staff,1995-09-15,40000
38550,JoAnne,Baez,Senior Engineer,1987-02-16,40000
408953,Jolita,Claffy,Senior Engineer,1993-12-24,40000
249799,Jolita,Neimat,Engineer,1993-12-27,41338
267304,Jordanka,Axelband,Senior Staff,1994-06-27,61938
418239,Josyula,Motley,Senior Engineer,1996-03-26,65620
29782,Jouko,Hellwagner,Senior Engineer,2000-10-23,45222
482755,Jouni,Conia,Staff,1994-10-31,77972
52590,Jouni,Munoz,Senior Staff,1996-10-07,45171
287583,Jovan,Hockney,Engineer,1990-06-21,47726
423208,Joydip,Krone,Engineer,1995-02-08,58830
293752,Jungsoon,Bail,Senior Staff,1986-02-18,60081
88422,Jungsoon,Birsak,Technique Leader,1985-04-03,67886
472238,Jungsoon,Gubsky,Senior Engineer,1990-10-09,52860
46811,Junsik,Berendt,Senior Engineer,1988-04-27,52228
415187,Juyoung,Peltason,Assistant Engineer,1998-09-01,57432
10933,Juyoung,Seghrouchni,Senior Engineer,1993-08-02,40000
47702,Juyoung,Vieri,Staff,1991-08-12,84625
414897,Juyoung,Willoner,Staff,1989-11-03,69580
424584,Kagan,Dredge,Senior Engineer,1994-02-26,49152
426168,Kaijung,Mateescu,Senior Staff,1987-11-18,51634
296718,Kamakshi,Bahl,Senior Engineer,1987-12-22,40000
447966,Kamakshi,Hebert,Engineer,1997-01-17,57165
468417,Kamakshi,Huhdanpaa,Senior Engineer,1993-08-26,40000
400683,Kamakshi,Manders,Staff,1995-08-05,65023
454825,Kamakshi,Schusler,Senior Engineer,1995-05-25,55857
295857,Kankanahalli,Ciolek,Staff,1989-12-26,44461
416492,Kannan,Meriste,Senior Engineer,1992-08-12,40000
62046,Karlis,Nanard,Senior Engineer,1992-09-19,54073
21843,Karsten,Azadmanesh,Senior Engineer,1985-11-29,52216
426706,Karsten,Kawashima,Engineer,1994-03-15,52496
61541,Kasidit,Papsdorf,Engineer,1993-08-17,49649
79043,Katsuo,Hockney,Technique Leader,1999-11-07,62200
295236,Kauko,Fujisawa,Engineer,1987-09-13,40000
288028,Kauko,Narwekar,Engineer,1985-12-16,50537
479601,Kayoko,Bahi,Staff,1997-02-19,65786
437369,Kazuhide,Biran,Senior Staff,1995-01-25,44053
435181,Kazuhide,Fiutem,Senior Staff,1992-05-10,40000
418566,Kazuhide,Snedden,Senior Engineer,1996-06-14,62954
418380,Kazuhiko,Gornas,Senior Engineer,1993-05-20,41525
222770,Kazuhiko,Kushner,Senior Engineer,1995-08-01,49344
471939,Kazuhiko,Marshall,Staff,2001-06-04,69487
13499,Kazuhiko,Sidou,Technique Leader,1991-09-01,40000
49010,Kazuhisa,Benantar,Staff,1990-03-30,63422
91172,Kazuhisa,Melter,Staff,1987-07-16,40000
410433,Kazuhisa,Riesenhuber,Senior Engineer,1992-10-06,49038
80067,Kazuhisa,Weiland,Senior Staff,1985-11-09,40000
20128,Kazunori,Peak,Senior Staff,1999-08-13,40000
243077,Kazunori,Perz,Senior Engineer,1999-02-25,54935
242800,Kazuyasu,Levergood,Engineer,1996-02-10,46401
429231,Kazuyasu,Schmiedel,Staff,1985-09-07,85371
485489,Keiichiro,Armand,Engineer,1986-12-14,55395
12155,Keiichiro,Glinert,Engineer,1993-09-16,55355
433438,Keiichiro,Miyakawa,Senior Staff,1993-09-12,86599
233818,Kellie,Heydon,Senior Engineer,1985-11-11,40000
207204,Kellie,Schrooten,Engineer,1991-01-17,40000
285905,Kellyn,Bage,Senior Staff,1994-11-04,51667
488984,Kendra,Junet,Senior Staff,1992-11-12,68524
265521,Kensei,Salverda,Engineer,1993-05-25,52088
488482,Kensyu,Tsunoo,Engineer,1999-12-05,44477
422146,Kenton,Miara,Engineer,2002-03-13,40000
437870,Kerhong,Lorho,Staff,2001-03-17,65132
202826,Kerhong,Matzke,Senior Engineer,1986-11-14,40000
402102,Kersti,Granlund,Engineer,1995-03-19,40000
430631,Kersti,Marsiglia,Engineer,1994-02-19,55205
489756,Kersti,Miculan,Staff,1992-06-09,74625
87129,Keung,Neiman,Staff,1997-04-13,63824
41518,Keung,Schapiro,Senior Engineer,2001-02-08,47399
473299,Khaled,Penn,Staff,1992-05-19,83582
233394,Khalid,Lenart,Engineer,1995-12-24,40000
430891,Khalil,Gien,Senior Engineer,1991-08-06,68320
52956,Khalil,Picci,Engineer,1998-11-24,40000
292146,Khatoun,Pulkowski,Engineer,2002-01-09,40000
420877,Khosrow,Erez,Staff,1990-02-11,48689
281692,Khosrow,Sommen,Senior Engineer,1990-03-03,45215
87714,Khun,Janetzko,Engineer,1989-09-13,40000
476122,Khun,Spieker,Engineer,1995-05-07,40000
205660,Kien,Barreiro,Staff,2000-10-24,40000
298339,King,Benzmuller,Senior Engineer,1986-09-04,40000
71243,Kinh,Buchter,Engineer,1986-03-29,51345
200363,Kirk,Quaggetto,Senior Engineer,1987-06-30,54013
447376,Kirk,Zongker,Staff,1999-12-10,70592
280525,Kish,Herbst,Staff,1996-08-18,100167
250748,Kish,Turnbull,Senior Engineer,1987-02-10,40000
467591,Kiyotoshi,Hennebert,Staff,2001-03-06,52731
90292,Koichi,Assaf,Senior Engineer,1990-05-26,40491
410881,Koichi,Grabner,Senior Engineer,2000-04-05,40000
96571,Kokou,Garrabrants,Senior Engineer,1997-11-05,47390
10476,Kokou,Iisaka,Senior Staff,1987-09-20,58221
240285,Kolar,Greenaway,Staff,1998-11-14,45885
76189,Kolar,Hinsberger,Senior Engineer,1986-10-20,47490
230498,Kolar,Puppo,Engineer,1990-04-25,40000
29679,Kolar,Steenbeek,Senior Engineer,1986-10-18,44381
80850,Koldo,Luit,Senior Engineer,1995-04-16,55815
233765,Kotesh,Chachaty,Engineer,1991-03-25,47195
36982,Kotesh,Rajala,Engineer,1992-06-23,40000
439905,Kousuke,Levasseur,Staff,1990-03-16,56753
30007,Kousuke,Vecchio,Engineer,1990-02-23,56378
444099,Kousuke,Worfolk,Staff,1988-03-22,81037
209443,Krassimir,Garnier,Senior Staff,1998-01-26,54723
403644,Krisda,Hainaut,Senior Staff,1995-07-08,40000
64828,Krister,Pappas,Staff,1999-09-30,61091
95286,Kristin,Guerreiro,Engineer,1989-08-23,40000
84315,Kristina,Baumann,Assistant Engineer,1996-09-26,40000
93600,Kristina,Neimat,Technique Leader,1988-04-18,40000
219035,Kristine,Bierman,Technique Leader,1988-05-13,40000
86213,Kristine,Clemencon,Senior Staff,1993-06-01,58095
95509,Kristinn,Loncour,Engineer,1995-02-08,40000
71685,Kristinn,Olano,Senior Engineer,1989-10-03,40000
465853,Kwan,Kampfer,Staff,1998-10-16,40000
432257,Kwangjo,Hiltgen,Engineer,1998-12-22,84748
290284,Kwangjo,Menhardt,Engineer,1996-01-11,52459
491079,Kwangsub,Keirsey,Senior Engineer,1992-02-04,47638
482335,Kwangyoen,Peck,Engineer,1994-01-16,56445
105342,Kwun,Reeker,Technique Leader,1999-07-29,61529
34261,Kyoichi,Callaway,Senior Staff,1990-12-30,40000
75703,Kyoichi,Erman,Engineer,1996-07-25,40000
465711,Lakshmi,Frijda,Senior Engineer,1990-04-21,54507
290769,Lalit,Blokdijk,Senior Engineer,1999-02-01,44580
490551,Lalit,Lindqvist,Engineer,1998-11-07,52602
69936,Lalit,Unni,Assistant Engineer,1999-01-31,50124
81545,Larisa,Kornyak,Technique Leader,2000-02-07,40000
208639,Larisa,Lukaszewicz,Staff,1996-10-30,64461
64023,Laurentiu,Benzmuller,Senior Engineer,1999-11-08,45861
222998,Leaf,Awdeh,Staff,1992-10-02,51391
83544,Leaf,Baak,Senior Staff,1994-09-05,64345
31188,Leandro,Gist,Technique Leader,1993-02-03,40000
264322,Leandro,Swist,Staff,1991-01-06,58053
10762,Lech,Himler,Senior Staff,1992-01-21,52172
48882,Leen,Lamparter,Senior Engineer,1993-06-07,40000
412757,Leen,Peak,Engineer,1999-11-20,40000
35087,Leif,Ashish,Senior Staff,1994-10-14,40000
88411,Lena,Cannane,Engineer,2000-01-28,40000
438038,Lena,Giaccio,Senior Staff,2001-10-03,77091
285396,Lena,Kohling,Senior Engineer,1986-10-04,66793
216921,Lena,Lenart,Staff,1990-12-25,51601
49119,Lena,Peek,Engineer,1991-05-16,55051
212093,Leni,Henders,Staff,1993-11-19,40000
493744,Leni,Kropatsch,Senior Engineer,1997-07-17,40000
280291,Lenore,Badache,Staff,1998-11-24,41617
30182,Leon,Potthoff,Engineer,1985-12-08,61572
441954,Leszek,Marchegay,Engineer,1999-06-13,42564
205174,Leszek,Spinelli,Staff,1998-12-10,55525
61147,Leszek,Werthner,Staff,1999-03-03,64737
78469,Leucio,Cappelli,Staff,1997-08-22,40000
438557,Lidong,Swist,Engineer,1999-09-16,40000
210292,Lihong,Zeilberger,Staff,1996-04-28,42520
106695,Lijie,Garrabrants,Senior Staff,1988-10-26,52364
268191,LiMin,Teitelbaum,Engineer,1990-11-01,53601
241728,Limsoon,Boudaillier,Senior Engineer,1999-08-08,52540
222926,Limsoon,Erol,Senior Engineer,1997-12-31,40000
275444,Limsoon,Leppanen,Senior Engineer,1993-01-21,55338
429381,Limsoon,Roohalamini,Staff,1986-11-26,75021
205789,Limsoon,Skafidas,Senior Staff,1999-08-10,49886
452982,Lobel,Aloia,Senior Staff,1994-12-29,103154
91333,Lobel,Stafford,Staff,1998-11-29,54313
52970,Lobel,Werthner,Senior Engineer,1988-03-17,47552
297232,Lokesh,Saoudi,Senior Staff,1999-05-25,56647
262439,Lorien,Lagarias,Senior Staff,1985-10-10,78223
24377,Lubomir,Wroclawski,Engineer,1993-07-25,42900
91182,Lucien,Schwartzburd,Senior Engineer,1988-08-25,44702
234195,Luerbio,Terkki,Staff,1991-05-14,50836
455284,Luisa,Baig,Engineer,1996-07-12,40000
481397,Luisa,Chelton,Assistant Engineer,1998-08-13,40000
299580,Luisa,Itzfeldt,Engineer,1997-01-23,49708
490557,Luise,Vigier,Senior Engineer,1994-07-01,45888
17988,Mabhin,Calkin,Senior Engineer,1989-11-30,52284
420557,Mabhin,Eastman,Staff,1989-08-02,82355
458383,Mabhin,Foote,Engineer,1999-04-23,40000
227476,Macha,Schnabel,Senior Engineer,1988-05-11,73795
240340,Mack,Staylopatis,Senior Engineer,1985-04-02,40000
14127,Magdalena,Cannard,Engineer,1994-04-22,50454
93278,Magdalena,Penn,Engineer,1997-01-04,49314
43154,Maha,Waterhouse,Staff,1997-07-04,69813
99654,Mahendra,Motley,Staff,1985-09-28,58667
485817,Mahmut,Bolotov,Engineer,1997-02-21,51242
39341,Mahmut,Lampe,Senior Engineer,1985-05-11,50645
56105,Makato,Remmers,Engineer,1989-04-16,40000
447877,Make,Heuser,Engineer,1988-07-02,40000
433260,Make,Olivero,Engineer,1991-06-01,40000
406714,Malu,Ossenbruggen,Senior Staff,1986-11-21,40000
427320,Mamdouh,Ramamoorthy,Senior Engineer,2000-01-13,53985
65998,Mandell,Alameldin,Staff,1989-04-08,85937
92685,Mang,Atchley,Senior Staff,1995-06-07,55634
88965,Mang,Hedayat,Engineer,1995-05-22,45594
109620,Mani,Cannata,Staff,1989-06-21,68293
22926,Manibrata,Genther,Engineer,1988-01-15,56184
83805,Manohar,Harllee,Senior Engineer,1987-03-11,81354
245664,Manohar,Kilgore,Staff,1998-11-17,68558
89346,Mansur,Comyn,Engineer,1999-08-31,45781
101902,Mantis,Millington,Senior Staff,1991-03-18,58037
484126,Manton,Lueh,Senior Staff,1989-04-07,48754
404755,Manu,Junet,Staff,1991-04-20,55120
27686,Manu,Rosiles,Senior Staff,1998-03-03,62592
208147,Manu,Rothenberg,Engineer,1988-12-06,57788
297905,Marc,Bahl,Assistant Engineer,1997-06-18,40000
413832,Marco,Jahnichen,Senior Staff,1995-03-28,40000
47139,Marco,Usdin,Engineer,1996-10-29,67283
483825,Marek,Mitchem,Senior Engineer,1992-11-20,52817
406239,Marek,Tomescu,Engineer,1995-05-15,40000
279115,Maren,DuCasse,Engineer,1997-11-29,55885
467441,Margareta,Bondorf,Engineer,1988-11-07,40000
439377,Mari,Plessier,Senior Engineer,1997-07-04,40000
276184,Mari,Swick,Senior Staff,1991-04-08,77922
44265,Maria,Eppinger,Engineer,1997-01-30,52444
421312,Mariangiola,Bashian,Engineer,1999-09-18,40000
420476,Mariangiola,Bolsens,Staff,1985-06-15,40000
296303,Mariangiola,Heyers,Technique Leader,1992-08-04,55209
50831,Marie,Khalid,Senior Engineer,1996-06-11,52845
477578,Marit,Paludetto,Engineer,1990-09-30,83068
467392,Mariusz,Rikino,Engineer,1995-04-13,45749
423633,Mariusz,Tokunaga,Senior Engineer,1985-02-11,51147
58384,Mariusz,Vural,Engineer,1993-11-14,40000
258124,Mariusz,Zolotykh,Senior Staff,1990-07-28,84665
243637,Marjo,Delgrange,Senior Staff,1990-06-24,60619
31568,Mark,Lalonde,Staff,1996-11-24,67061
261737,Mark,Lindqvist,Engineer,1990-11-22,40000
44900,Mark,Schwaller,Staff,1994-08-10,47805
443485,Marke,Klerer,Senior Staff,1990-04-14,54884
294241,Marl,Fiebach,Senior Staff,1994-07-26,74077
40983,Marla,Cherinka,Technique Leader,1986-12-01,40000
219052,Marsal,Acton,Staff,1995-08-02,62703
266862,Mart,Plumb,Senior Staff,1986-04-21,40000
448900,Mart,Talmor,Staff,1999-05-11,55122
284711,Martijn,Azevdeo,Senior Engineer,1988-02-10,57721
442096,Martijn,DiGiano,Senior Engineer,1990-06-15,52432
447931,Martijn,Jeong,Staff,1990-12-14,72595
39000,Martijn,Vendrig,Staff,1997-03-03,48649
411082,Martine,Cangellaris,Senior Engineer,1992-04-28,40987
401333,Martins,Shokrollahi,Engineer,1986-11-04,40000
205500,Mary,Setiz,Senior Engineer,1989-01-13,40000
247456,Masako,Bahk,Engineer,1997-07-31,61394
74668,Masako,Bonifati,Senior Staff,1987-04-09,56031
445941,Masako,Dechter,Technique Leader,1985-09-25,41871
261184,Masako,Kornatzky,Senior Engineer,1987-08-29,51696
217080,Masami,Puoti,Senior Engineer,2000-01-21,40000
431576,Masamitsu,Back,Senior Staff,1993-04-12,76741
479695,Masamitsu,Murrill,Senior Staff,1999-06-23,40176
281859,Masanao,Papastamatiou,Engineer,1985-11-25,56239
292210,Masaru,Huhdanpaa,Engineer,1996-11-23,57954
38103,Masasuke,Babu,Senior Engineer,1988-03-31,48383
225601,Masasuke,Genin,Engineer,1994-06-25,40000
494493,Masasuke,Koprowski,Staff,1996-11-20,96959
288166,Masoud,Asmuth,Staff,1994-09-05,66034
244605,Masoud,Suwa,Staff,1998-10-10,40000
489755,Matk,Chorvat,Staff,1999-12-04,50263
222319,Matt,Chvatal,Senior Engineer,1994-11-09,40000
486956,Matt,Ruemmler,Engineer,1993-10-14,63351
474763,Mayuko,Clouatre,Engineer,1997-09-04,61436
30154,Mayuko,Skafidas,Technique Leader,1999-04-19,40000
262328,Mayuko,Vural,Staff,1997-12-24,63741
408447,Mayuri,Werthner,Staff,2001-02-20,65539
263649,Mechthild,Zongker,Senior Staff,1993-07-26,67578
56847,Menkae,Chinin,Senior Engineer,1998-08-27,44031
109552,Menkae,Etalle,Engineer,1997-05-21,49886
292110,Menkae,Showalter,Senior Engineer,1996-08-09,53348
277829,Michaela,Fandrianto,Senior Engineer,1986-06-02,40000
418606,Michaela,Otillio,Engineer,1994-01-05,41390
40765,Michaela,Ramsak,Staff,1992-12-21,51758
38043,Michaela,Randi,Engineer,1985-11-23,49927
488707,Mihalis,Remmers,Staff,1990-03-01,61980
227681,Mikhail,Rousseau,Staff,1998-11-30,45519
260153,Mingdong,Baar,Technique Leader,1991-10-14,71781
272860,Minghong,Candan,Assistant Engineer,1994-02-10,40000
238949,Minghong,Cronin,Senior Staff,1987-10-04,55007
263645,Mingsen,Lally,Senior Engineer,1990-12-04,62104
274071,Mingsen,Weiland,Staff,1995-10-12,40000
44540,Mingzeng,Sadowski,Senior Engineer,1989-11-12,40000
238112,Miomir,Frezza,Technique Leader,1991-05-25,40000
265794,Miquel,Halloran,Staff,1994-01-14,83098
441197,Miquel,Legleitner,Staff,1985-06-28,56738
272452,Mitsuyuki,Isard,Engineer,2002-02-27,60967
412404,Mitsuyuki,Jeansoulin,Senior Engineer,1999-10-28,75569
251814,Mitsuyuki,Zockler,Technique Leader,1998-09-14,42555
222311,Miyeon,Billingsley,Senior Engineer,1992-12-05,53877
69867,Miyeon,Rothe,Senior Staff,1991-04-09,82080
240132,Mizuhito,Kobara,Senior Staff,1996-08-09,56439
413831,Mohamadou,Grabner,Staff,1991-11-25,40444
105432,Mohamadou,Stafford,Senior Engineer,1995-09-12,55985
21909,Mohammed,Brizzi,Staff,1991-12-28,60302
454338,Mohammed,Georg,Engineer,1998-08-03,40000
454994,Mohan,Picht,Engineer,1991-02-24,40000
96579,Mohan,Tasistro,Engineer,1996-02-10,50866
459429,Mohit,Verhaegen,Senior Staff,1992-05-27,92397
435060,Moie,Lieblein,Staff,1996-07-12,48951
267059,Moie,Tempesti,Staff,1991-06-29,51878
219497,Moie,Zastre,Technique Leader,1991-10-11,40929
218022,Mokhtar,Poupard,Technique Leader,1992-02-02,46593
244308,Mokhtar,Rebaine,Staff,1991-07-23,51276
266881,Mokhtar,Sabnani,Staff,1997-02-04,40000
442653,Mona,Hebden,Engineer,1995-10-20,64003
429238,Mona,Luck,Senior Staff,1989-05-11,98463
448769,Mong,Dichev,Technique Leader,1997-10-11,56886
34780,Moni,Kohling,Staff,2001-09-18,64125
205085,Moni,Kornyak,Technique Leader,1991-09-26,43219
229547,Moni,Schach,Staff,1986-07-04,61762
425437,Moni,Staudhammer,Engineer,1999-03-23,43287
225964,Mooi,Cooman,Engineer,1989-06-07,52478
50311,Mooi,Stafford,Senior Engineer,1996-10-06,40000
295262,Moon,Pews,Assistant Engineer,1994-08-06,40000
101647,Mori,Homond,Staff,1994-05-10,69247
494019,Morrie,Iisaku,Staff,1991-05-06,65241
12643,Morrie,Schurmann,Staff,1998-12-31,114784
405015,Morris,Fargier,Staff,1988-06-29,72535
17013,Morris,Garigliano,Senior Staff,1995-05-24,55776
202552,Morris,Saoudi,Senior Engineer,1991-11-22,40000
293280,Moti,Steenbeek,Engineer,1987-01-22,40000
284856,Moto,Kobara,Senior Engineer,1991-12-12,40000
413205,Mototsugu,Prampolini,Senior Staff,1988-06-12,82766
60821,Moty,Mersereau,Staff,1991-09-03,44481
251680,Moty,Sommen,Senior Engineer,1990-08-14,54883
109252,Moty,Winter,Technique Leader,1991-04-28,40000
258028,Mountaz,Reinhart,Engineer,2001-07-03,55108
415563,Mrinalini,Bierbaum,Engineer,1986-03-12,51477
465501,Mrinalini,Gire,Staff,1992-11-09,40000
262208,Mrinalini,Holburn,Senior Staff,1987-05-23,82779
461270,Mrinalini,Mawatari,Staff,1996-01-03,76737
460691,Munehiko,Gihr,Senior Staff,1989-12-06,40000
485579,Munehiro,Iwayama,Senior Engineer,1986-12-16,44117
215629,Munehiro,Manders,Senior Staff,1987-05-18,40000
68416,Munenori,Debuse,Senior Engineer,1990-11-08,54132
278536,Munenori,Shobatake,Staff,1992-01-10,70597
31909,Murthy,Peek,Engineer,2000-10-30,46224
493048,Muzhong,Berztiss,Senior Staff,1995-01-23,87744
469104,Nadjib,Comellas,Senior Engineer,1999-01-22,42499
269728,Naftali,Kragelund,Senior Staff,1987-05-16,71296
106096,Naftali,Schurmann,Senior Engineer,1992-12-02,40000
34452,Naftaly,Foong,Engineer,1991-05-10,50679
56829,Nagui,Gruenwald,Engineer,1997-06-14,40000
220699,Nahid,Gyimothy,Staff,1995-08-18,40000
282333,Nahla,Serdy,Senior Staff,1993-09-09,40000
228766,Nahla,Smailagic,Senior Engineer,1993-02-12,86747
282547,Nahum,Codenie,Engineer,1999-06-14,40754
467269,Nahum,Lambe,Technique Leader,1989-08-31,40000
286573,Nahum,Nishimukai,Senior Engineer,1994-07-29,40000
14907,Nakhoon,Luga,Staff,1986-12-18,69351
498337,Naraig,Docker,Staff,1997-05-17,65293
47515,Naraig,Jenevein,Senior Engineer,1987-01-18,50098
72232,Naraig,Veldwijk,Engineer,1989-07-10,61027
268043,Narain,Mikschl,Engineer,1997-11-02,40000
416660,Nathalie,Luke,Engineer,1987-09-16,40000
442490,Navid,Luke,Engineer,1994-10-17,90851
265039,Navid,Staudhammer,Staff,1992-10-18,71928
454736,Nechama,Ermel,Engineer,1995-06-05,45224
249780,Nechama,Gaughan,Senior Engineer,1993-07-09,56733
498955,Nechama,Kandlur,Engineer,1995-01-16,52314
416383,Nectarios,Itschner,Engineer,1990-03-02,57970
231459,Nectarios,Pramanik,Assistant Engineer,1999-11-18,55246
469529,Neven,Rikino,Senior Engineer,1988-10-21,40247
26629,Nevin,Rodham,Senior Staff,1998-12-14,50836
106242,Nevio,Thisen,Staff,1988-03-25,40000
471397,Nigel,Zirintsis,Engineer,1999-07-23,40000
15050,Nikolaos,Kruskal,Senior Engineer,1990-12-17,46188
209712,Nimmagadda,Baak,Assistant Engineer,1987-10-30,65975
488752,Nimmagadda,Baja,Staff,1994-02-09,44935
279280,Niranjan,Debuse,Engineer,1992-09-21,40000
77647,Niranjan,Schaaf,Technique Leader,1989-11-05,42981
280070,Niteen,Ebeling,Senior Staff,1988-03-29,43684
432399,Nitsan,Nollmann,Senior Engineer,1993-09-29,40000
232209,Nitsan,Rouquie,Engineer,1988-08-01,46339
95920,Nobuyoshi,Hegner,Staff,1994-09-07,61744
264626,Noritoshi,Bakhtari,Staff,1993-02-03,40000
271219,Odoardo,Tyugu,Engineer,1994-11-07,40000
401278,Oguz,Schurmann,Assistant Engineer,1986-11-11,62122
10122,Ohad,Esposito,Technique Leader,1998-08-06,42284
436797,Ohad,Henders,Senior Staff,1990-11-03,47748
83714,Ohad,Kilgore,Senior Engineer,2000-10-10,43736
108988,Oksana,Baek,Staff,1989-07-20,60335
284687,Oksana,Redmiles,Senior Engineer,1985-06-22,40000
31341,Oksana,Zultner,Staff,1991-03-23,53219
497007,Oldrich,Adachi,Senior Engineer,1998-08-09,42380
255657,Oldrich,Cyre,Engineer,1985-02-10,40000
86546,Oldrich,Woycyznski,Engineer,1985-05-15,40000
435774,Olivera,Bharadwaj,Staff,1992-04-01,62182
56428,Olivera,Hanabata,Staff,1986-11-10,43255
202291,Ortrun,Schmiedel,Engineer,1997-07-18,63773
239803,Oscal,Ernst,Staff,1992-05-19,40000
445226,Oscar,Baumann,Engineer,1987-01-22,40000
35793,Oscar,Kusalik,Senior Staff,1991-05-11,56473
418247,Oscar,Oppitz,Staff,2002-07-27,58604
89048,Otmar,Birjandi,Engineer,1985-03-23,60750
411070,Otmar,Brandsma,Engineer,1987-05-28,41389
217026,Otmar,Engberts,Staff,1993-08-16,51335
20885,Otmar,Rothenberg,Engineer,1989-03-14,59704
39952,Otmar,Sudbeck,Staff,1998-07-22,80468
425540,Paddy,Zumaque,Senior Staff,1995-11-12,53256
499194,Padma,Delgrange,Senior Staff,1999-08-27,61589
259237,Palash,Gammage,Staff,1987-10-23,40000
296687,Palash,Spieker,Staff,1991-05-11,40000
58990,Palash,Trelles,Engineer,1998-11-18,47785
462493,Paloma,Gerlach,Senior Engineer,1988-07-26,40000
229391,Paloma,Henseler,Senior Engineer,1991-06-11,50035
491162,Panayotis,Hempstead,Senior Engineer,1994-08-29,55743
217551,Panayotis,Lukaszewicz,Engineer,1989-06-06,41730
473490,Pantung,Reeker,Staff,1992-05-11,40000
497391,Paris,Lieblein,Engineer,1999-05-19,74583
425780,Paris,Range,Staff,1989-10-25,65037
447613,Paris,Restivo,Engineer,1986-11-21,43894
281848,Parke,Staylopatis,Senior Engineer,1993-07-31,40000
84922,Parke,Unno,Engineer,1996-07-01,40000
104988,Parviz,Litzler,Engineer,1992-08-08,71970
406564,Parviz,Picco,Engineer,1995-04-16,42716
257378,Pascal,Bernatsky,Staff,1988-09-03,45349
46943,Pasqua,Maraist,Engineer,1993-12-06,46091
85874,Pasqua,Taubman,Senior Staff,1986-06-23,45034
65883,Patricia,Pepe,Senior Staff,1991-04-19,93721
299737,Patricio,Itzfeldt,Senior Staff,1985-05-21,75091
455914,Peer,Angelopoulos,Engineer,1989-07-23,62820
214427,Peer,Molberg,Engineer,1996-11-17,62160
248953,Percy,Sudbeck,Assistant Engineer,1996-08-29,47201
22415,Perla,Jumpertz,Senior Staff,1994-08-24,69277
220799,Perla,Orlowska,Senior Engineer,1998-10-13,51087
224335,Perry,Chachaty,Senior Engineer,1985-07-22,54702
484142,Perry,Cooman,Senior Staff,1987-04-23,40000
41114,Petter,Thummel,Technique Leader,1995-12-24,60729
43848,Phillip,Oxenboll,Engineer,1999-05-26,40000
208653,Phillip,Schade,Senior Engineer,1989-03-03,54926
494088,Phule,Dahlbom,Engineer,1989-02-06,53267
52040,Phule,Heijenga,Staff,1996-12-08,40000
484756,Phule,Ruemmler,Engineer,1990-08-09,40000
284431,Pintsang,Fujisawa,Staff,1996-04-16,65037
251301,Pintsang,Impagliazzo,Senior Staff,1989-05-06,51640
27378,Piyawadee,Leppanen,Senior Staff,1999-02-25,48227
21188,Piyush,Danecki,Engineer,2000-01-08,40000
262928,Piyush,Gill,Senior Engineer,1995-02-20,40000
229386,Pohua,Tasistro,Technique Leader,1994-11-04,60980
244714,Poorav,Clouatre,Senior Engineer,1996-05-06,50839
220418,Poorav,Laventhal,Staff,1997-08-16,73906
431887,Poorav,Ranst,Senior Engineer,1996-06-01,44157
400780,Poornachandra,Asser,Engineer,1993-11-07,40000
82098,Poornachandra,Wilharm,Engineer,1991-04-20,65236
220582,Poornachandra,Zielinski,Staff,1996-02-13,54228
478833,Pradeep,Valiente,Engineer,1992-09-19,83315
262752,Pramod,Bierman,Engineer,1997-12-12,63602
215843,Pramod,Loncour,Staff,1987-03-31,47164
459356,Pramod,Wendorf,Engineer,1998-12-25,40000
213384,Pranas,Narwekar,Engineer,1985-09-26,41608
29954,Pranay,Giarratana,Senior Engineer,1992-09-29,40000
208784,Pranjal,Juneja,Senior Engineer,1985-03-21,40000
496100,Pranjal,Reinhard,Staff,1995-05-08,40197
89664,Pranjal,Rossi,Staff,1998-07-07,59064
71188,Pranjal,Schapiro,Staff,1986-12-14,64557
104133,Pranjal,Zyda,Senior Staff,1991-07-03,92751
444465,Prasadram,Bultermann,Senior Engineer,1998-10-25,47281
53278,Premsyl,Lortz,Staff,1993-02-01,67503
274271,Prodip,Ritcey,Senior Staff,1986-09-10,55623
467176,Przemyslawa,Borovoy,Senior Staff,1993-06-18,56585
258643,Przemyslawa,Esposito,Engineer,1992-02-27,47581
73516,Qingxiang,Badache,Engineer,1989-06-25,40000
455726,Qiwen,Kriebel,Staff,1987-12-13,89978
87353,Quingbo,Coombs,Senior Engineer,1999-01-17,54168
432956,Qunsheng,Birrer,Senior Staff,1986-05-13,59603
451333,Radhika,Bonifati,Senior Staff,1995-03-11,40000
32714,Radoslaw,Maliniak,Staff,2001-09-18,82622
485577,Rafael,Menhoudj,Senior Engineer,1997-04-27,40000
20129,Rafael,Skafidas,Engineer,1991-03-28,53292
420759,Raimond,Solovay,Staff,1997-10-03,55608
90692,Rajmohan,DasSarma,Staff,1985-09-14,40000
225867,Ramalingam,Remmele,Senior Engineer,1999-09-03,40000
458790,Ramya,Azadmanesh,Engineer,1988-11-19,40000
463212,Ramya,Rossi,Senior Engineer,2001-09-02,47857
107828,Ramya,Walston,Staff,1989-02-03,78757
94331,Ramzi,Cronau,Technique Leader,1999-09-03,40000
429899,Ranan,Marsiglia,Staff,1999-08-13,40554
30465,Randi,Avouris,Senior Engineer,1986-07-16,41895
287983,Randi,Munos,Senior Staff,1990-09-07,83519
108198,Randi,Samarati,Senior Staff,1992-10-20,42904
479407,Randi,Tomescu,Engineer,1986-11-25,46866
468659,Ranga,Lemarechal,Engineer,1989-11-05,40000
92598,Ranga,Merro,Assistant Engineer,1996-05-11,56144
250411,Ranga,Sommen,Staff,1989-01-20,54722
274369,Ranga,Waymire,Senior Staff,1997-01-27,44399
95314,Rasiah,Koblick,Staff,1991-08-21,69833
12408,Rasiah,Sudkamp,Senior Engineer,1995-04-18,40000
438264,Rasikan,Barreiro,Staff,1991-09-27,42706
442002,Ravishankar,Baig,Senior Staff,1992-03-17,72966
214391,Rayond,Klassen,Staff,1993-09-11,46462
277420,Rayond,Schach,Senior Engineer,1995-04-22,40000
220131,Reinhard,Slaats,Senior Engineer,1994-06-08,48012
476327,Reinhold,Binkley,Senior Engineer,1995-05-29,51519
260361,Reinhold,Rahier,Engineer,1997-10-09,40000
413666,Remco,Duclos,Staff,1988-04-18,62764
207980,Remko,Vieth,Staff,1990-11-22,40000
225438,Remmert,Quaggetto,Staff,1992-04-28,78303
16461,Remmert,Schahn,Senior Staff,1986-09-06,83638
56209,Remzi,Douceur,Senior Engineer,1992-12-01,54373
460920,Remzi,Mitzlaff,Senior Staff,1986-04-06,77844
230287,Renny,Alameldin,Assistant Engineer,1997-09-28,40000
90084,Renny,Bale,Senior Engineer,1989-11-22,45685
421384,Renny,Bednarek,Staff,1987-06-01,40000
429954,Renny,Gladwell,Staff,1999-02-27,77431
470456,Reuven,Oehlmann,Staff,1986-03-29,45633
242104,Richara,Sudkamp,Senior Staff,1989-09-05,57772
93220,Richara,Walston,Senior Engineer,1996-08-27,47553
60875,Rildo,Masaki,Engineer,1990-01-14,41164
39301,Rimon,Kawashima,Staff,1992-02-06,40000
475965,Rimon,Pietracaprina,Engineer,1985-07-10,40000
24205,Roddy,Rubsam,Senior Engineer,1993-09-19,49424
56682,Roded,Picco,Assistant Engineer,1993-11-06,40000
428082,Ronghao,Alpin,Staff,1991-09-11,40000
77815,Ronghao,Picaronny,Engineer,1993-06-09,46164
86354,Ronghao,Segond,Senior Engineer,1993-09-13,66984
410804,Ronnie,Denos,Engineer,1992-06-08,49617
59195,Ronnie,Pollock,Technique Leader,1990-06-19,50132
51142,Rosine,Lakshmanan,Engineer,1986-01-31,46516
483401,Rosita,Pokrovskii,Senior Staff,1996-08-03,50685
244711,Rosli,Butner,Engineer,1991-03-20,56130
105731,Sachem,Cromarty,Assistant Engineer,1990-08-20,48369
493096,Sachem,Msuda,Engineer,1995-04-07,54424
221367,Saddek,Farris,Senior Staff,1990-11-06,42249
67320,Sadok,Lorys,Senior Staff,1987-05-10,89952
450475,Saeed,Bahl,Senior Staff,1991-01-29,41804
216054,Sahrah,Angiulli,Staff,1986-07-31,40000
434936,Sahrah,Rosis,Senior Engineer,1994-06-24,54397
30484,Sailaja,Chvatal,Staff,1999-05-18,62692
297954,Sailaja,Fujisaki,Assistant Engineer,1995-07-24,40000
212154,Sailaja,Holburn,Senior Staff,1991-03-04,41645
287609,Sailaja,Negoita,Assistant Engineer,1988-01-20,48605
276186,Sajjad,Vecchi,Staff,1993-06-02,40000
71141,Sajjad,Vitiello,Staff,1992-02-17,40000
72190,Sajjad,Waeselynck,Engineer,1999-09-13,43105
248256,Sajjan,Falby,Staff,1996-08-29,68786
235780,Sampalli,Bergere,Senior Engineer,1994-04-08,40000
426819,Sandeepan,Kulisch,Engineer,1997-05-16,51809
440435,Sandeepan,Rosti,Senior Engineer,1991-11-26,40000
221973,Sangeeta,Kalefeld,Senior Staff,1990-06-06,59010
210752,Saniya,Stenning,Staff,1986-12-10,47970
498838,Sanjay,Ciolek,Senior Staff,1989-12-13,40000
293746,Sanjay,Litecky,Senior Engineer,1995-08-27,40000
252392,Sanjeeva,Peron,Engineer,1993-12-26,40000
497174,Sanjiv,Bressoud,Senior Engineer,1993-04-27,45255
79763,Sanjoy,Barreiro,Staff,1988-04-09,80428
57934,Sanjoy,Boudaillier,Engineer,1989-12-27,82396
492639,Sanjoy,Porenta,Engineer,1997-07-10,63732
48275,Sariel,Massonet,Senior Staff,1987-11-20,67799
44962,Sariel,Wynblatt,Assistant Engineer,1996-05-18,40000
260408,Sasan,Brookner,Staff,1996-09-03,40000
203720,Sasan,Thimonier,Senior Staff,1996-08-21,72078
14476,Sastry,Marrevee,Engineer,1999-09-25,72512
489928,Satoru,Janetzko,Assistant Engineer,1997-07-26,43680
29380,Satoru,Vidal,Assistant Engineer,1998-05-02,48212
19350,Satoru,Yoshizawa,Staff,1994-03-27,41182
275158,Satyanarayana,Brandsma,Engineer,1999-12-08,93286
63706,Sedat,Itzigehl,Engineer,1997-07-31,46185
450888,Sedat,Rande,Staff,1995-03-25,55308
450184,Selwyn,Henseler,Senior Engineer,1993-03-09,57687
247089,Seongbae,Schahn,Senior Staff,1992-12-10,66089
36521,Serif,Gladwell,Senior Staff,1987-03-06,57111
429316,Seshu,Hiraishi,Senior Staff,1994-08-10,40000
423993,Seshu,Kolvik,Technique Leader,1988-12-09,40000
107792,Shahab,Crooks,Staff,1992-03-18,80432
458726,Shahaf,Kitai,Senior Staff,1986-12-26,40000
426153,Shahaf,Luce,Senior Staff,1999-04-06,74658
230579,Shahar,Negoita,Senior Staff,1994-03-19,60150
465409,Shahid,Varman,Senior Staff,1985-08-27,67038
108316,Shai,Stellhorn,Senior Engineer,1992-05-21,40000
80203,Shakhar,Baik,Staff,1993-12-01,41466
263370,Shakhar,Ranze,Staff,1999-05-29,76883
42950,Shaleah,Eickenmeyer,Senior Staff,1993-10-09,40000
210017,Shalesh,Lovengreen,Senior Staff,1990-09-29,40000
483838,Sham,Kavanagh,Assistant Engineer,1997-12-18,40000
53431,Sham,Vasanthakumar,Senior Staff,1993-05-24,60379
257484,Shaowei,Nicolson,Staff,1986-12-07,40000
80731,Shaowen,Eldridge,Senior Staff,1987-12-05,54475
290467,Shaowen,Poulakidas,Senior Staff,1987-04-15,47812
54198,Shaowen,Segond,Senior Engineer,1986-01-06,40000
482885,Shaunak,Brizzi,Assistant Engineer,1988-09-02,49347
478799,Shaw,Borovoy,Senior Staff,1991-05-11,40297
443841,Shaw,Kading,Senior Staff,1992-07-16,91933
420765,Shawna,Krider,Staff,1990-03-09,78825
288142,Shay,Heystek,Staff,1989-04-01,67640
217800,Shay,Servieres,Senior Staff,1998-08-06,52924
296062,Shaz,Driscoll,Staff,1998-10-03,55272
208330,Shen,Flanders,Staff,1989-07-03,80127
275495,Shen,Yamaashi,Staff,1995-02-19,41626
251437,Shichao,Iwayama,Engineer,1989-10-17,40000
421755,Shichao,Thiria,Engineer,1989-01-11,49914
461120,Shietung,Gelosh,Senior Engineer,2001-04-01,68304
69052,Shietung,Shrader,Senior Staff,1995-08-05,42091
421022,Shigeaki,Butner,Senior Staff,1996-07-13,67327
287482,Shigeaki,Gihr,Engineer,1994-03-18,63479
475938,Shigeaki,Lanteri,Senior Engineer,1989-02-17,40000
481213,Shigehiro,Haldar,Senior Staff,1991-12-14,73617
290563,Shigehiro,Oxenboll,Senior Engineer,1986-02-26,40000
402025,Shigehito,Duclos,Senior Engineer,1987-09-20,50425
452347,Shigeichiro,Brattka,Senior Staff,1996-07-13,56042
83289,Shigeichiro,Engelmann,Senior Engineer,1994-01-09,40000
220625,Shigenori,Deville,Technique Leader,1992-12-24,40000
244820,Shigenori,Hertweck,Engineer,1987-04-13,54013
58147,Shigenori,Sullins,Senior Staff,1988-02-24,55703
415338,Shigeo,Emmart,Assistant Engineer,1995-12-24,40000
80889,Shigeo,Linnainmaa,Senior Engineer,1985-07-30,60339
73233,Shigeo,Merey,Senior Engineer,1985-07-30,43651
82919,Shigeu,Claffy,Engineer,1998-12-19,40000
55687,Shih,Lindqvist,Senior Engineer,1995-03-29,40000
246902,Shih,Shanbhogue,Staff,1998-04-19,40000
40773,Shimshon,Aingworth,Senior Staff,1986-04-13,40000
84942,Shin,Fujisaki,Technique Leader,1988-02-23,40000
64790,Shin,Piveteau,Senior Engineer,1985-04-19,59783
214634,Shirish,Vickson,Senior Engineer,1989-10-24,48826
84451,Shiv,Aumann,Senior Engineer,1998-06-14,52930
447982,Shiv,Baezner,Engineer,1990-12-17,40000
447999,Shiv,Vilarrasa,Senior Engineer,1990-08-01,48626
416892,Shooichi,Vandervoorde,Engineer,1996-08-16,55754
456982,Shounak,Dratva,Senior Engineer,1989-01-05,41631
408019,Shridhar,Chleq,Assistant Engineer,1986-03-22,46019
99057,Shugo,Reeken,Staff,1999-06-21,40000
52770,Shugo,Yurek,Staff,1992-08-28,65588
497835,Shuho,Laurillard,Technique Leader,1999-10-06,40000
259611,Shuichi,Marrakchi,Senior Staff,1990-08-21,57203
84179,Shuichi,Nanard,Senior Engineer,1989-03-14,40000
38947,Shuichi,Ruemmler,Senior Staff,1998-04-08,40000
207401,Shuji,Barbanera,Staff,1987-08-10,47070
27620,Shuji,Kandlur,Engineer,1990-03-02,40000
42778,Shuji,Remmers,Staff,1987-12-18,40000
75354,Shuky,Jakobus,Engineer,1986-06-16,40000
69219,Shuky,Redmiles,Senior Staff,1994-11-19,75769
270716,Shunichi,Baer,Staff,1998-02-04,104010
246764,Shuzo,Czaja,Staff,1997-11-29,71627
291612,Siamak,Gomatam,Engineer,1998-07-08,40000
107486,Siamak,Luiz,Senior Engineer,1987-02-11,40000
220528,Sibyl,Rabehasaina,Senior Staff,1998-02-23,42934
49464,Siddarth,Cappelletti,Staff,1999-09-10,73678
442700,Siddarth,Masada,Staff,1997-08-11,52753
294461,Siddarth,Rosiles,Senior Engineer,1985-11-18,44245
56415,Sigeru,Nivat,Senior Staff,1991-10-24,51148
286779,Sigeru,Versino,Engineer,1998-08-31,54400
467886,Sivanarayana,Chandrasekhar,Senior Staff,1996-01-24,66865
440642,Snehasis,Kalsbeek,Senior Staff,1988-01-06,96916
248758,Snehasis,Muhlberg,Staff,1994-12-25,79398
289807,Soenke,Lemarechal,Staff,1994-09-04,40000
455175,Soenke,Zaumen,Senior Staff,1992-02-22,40000
462795,Somnath,Cummings,Senior Staff,1994-07-10,47611
457305,Sorina,Lakshmanan,Staff,1994-09-03,71290
40301,Spyrose,Felder,Senior Engineer,1997-10-20,40000
81995,Sreekrishna,Brender,Engineer,1990-03-22,41280
205627,Stabislas,Broder,Engineer,1996-07-16,40000
447544,Stabislas,Kakkad,Senior Staff,1989-02-19,86434
257062,Stabislas,Pardalos,Engineer,1989-06-21,53285
465062,Stafford,Gist,Senior Engineer,1988-05-07,44624
18583,Stafford,Honglei,Staff,1998-08-16,40000
253838,Stafford,Terlouw,Assistant Engineer,1999-02-21,40000
109598,Stamatina,Auyong,Senior Staff,1988-07-05,59483
33215,Steen,Fasbender,Technique Leader,1993-02-14,48797
249866,Steen,Gubsky,Senior Staff,1989-01-14,49410
59966,Steen,Salvesen,Technique Leader,1993-02-03,40000
453913,Stein,Perng,Senior Staff,1993-04-29,66997
222206,Stein,Uludag,Senior Staff,1988-01-30,40000
80432,Stella,Figueira,Staff,1990-03-14,56584
259718,Stepehn,Bouloucos,Staff,1993-12-13,57915
287323,Steve,Dengi,Staff,1999-09-15,73295
82351,Stevo,Thambidurai,Senior Staff,1989-10-27,40000
429481,Subhada,Emmerich,Engineer,1996-03-06,50310
402664,Subhada,Janetzko,Senior Engineer,1987-01-25,43122
219417,Subhrajyoti,Denna,Staff,1996-07-25,47152
436558,Subir,Greibach,Senior Engineer,1992-05-24,59648
452137,Subir,Miake,Senior Engineer,1999-01-09,59812
40283,Sudhanshu,Boissier,Senior Engineer,1985-05-11,40000
14104,Sudhanshu,Demian,Senior Staff,1994-07-23,40327
278452,Sudhanshu,Toyoshima,Senior Staff,1987-08-29,40000
201915,Sudharsan,DeMori,Senior Engineer,1992-03-30,62133
480066,Suebskul,Menhardt,Engineer,1994-07-26,40000
474331,Sugwoo,Eugenio,Senior Staff,1994-03-02,40000
239664,Sugwoo,Michaels,Engineer,1992-08-02,40000
480035,Sukumar,Georg,Staff,1990-08-26,40000
461801,Sumali,Cooman,Staff,1993-04-18,59006
98288,Sumali,Huttel,Senior Staff,1989-09-12,43445
54795,Sumant,Nergos,Senior Staff,1994-03-02,40000
266249,Sumant,Nishimukai,Senior Staff,1991-03-28,65301
437395,Sumant,Thambidurai,Senior Staff,1996-08-24,75620
426228,Supot,Badache,Engineer,1996-08-17,48175
60091,Surveyors,Bade,Senior Staff,1990-04-11,46436
18617,Surveyors,Crouzet,Senior Staff,1989-04-24,40000
272316,Surveyors,Muhling,Engineer,1999-07-19,46031
219967,Susanna,Reeken,Senior Staff,1998-03-16,47439
204764,Susanne,Mandelberg,Engineer,1990-11-02,47854
103316,Susanne,Peternell,Engineer,1994-07-27,45189
204133,Susuma,Bergere,Senior Staff,1996-02-25,56752
420086,Susuma,Kitsuregawa,Senior Engineer,1985-05-28,48457
265558,Susuma,Kleiser,Staff,1987-08-02,79792
267227,Susuma,Tagansky,Engineer,1995-01-22,40000
239415,Susumu,Brender,Senior Engineer,1993-04-17,48404
200789,Susumu,Camurati,Staff,1991-12-15,65044
78363,Susumu,Fritzsche,Engineer,1998-06-23,40030
288606,Susumu,Swiss,Staff,1991-11-15,93892
37945,Suzette,Butterworth,Senior Engineer,1994-02-19,40000
215746,Sven,Speer,Staff,1999-07-08,79967
235096,Sverrir,Gyimothy,Senior Staff,1995-07-30,75886
84840,Sverrir,Neimat,Staff,1996-11-03,40000
293154,Syozo,Maliniak,Senior Staff,1993-06-06,47147
32844,Tadahiko,Melton,Engineer,1995-01-07,48091
239067,Tadahiko,Pocchiola,Staff,1996-04-02,90988
230002,Tadahiro,Backhouse,Senior Engineer,1991-10-02,84438
414027,Tadanori,Msuda,Senior Engineer,1993-02-20,40000
452325,Taiji,Berstel,Engineer,1996-12-02,71879
18810,Taiji,Jarecki,Engineer,1991-06-27,40000
271106,Taisook,Kampfer,Engineer,1997-11-30,57783
72918,Takahira,Szilard,Staff,1988-01-16,73810
446897,Takahiro,Dalton,Technique Leader,1992-09-30,40000
432523,Takahiro,Maquelin,Engineer,1997-07-21,77172
294144,Takanari,Ermel,Senior Staff,1992-01-11,74140
230865,Takushi,Brattka,Staff,1999-06-03,61136
434845,Takushi,Skogmar,Senior Staff,1985-06-07,56010
423038,Takushi,Strehl,Senior Staff,1988-10-04,60743
262636,Tamiya,Reutenauer,Senior Engineer,1992-04-10,62056
481764,Teiji,Marrakchi,Senior Engineer,1986-08-26,60322
240438,Temple,Cyre,Senior Staff,1992-09-30,62140
466064,Temple,Danlos,Senior Staff,1994-06-13,48435
32347,Terresa,Peres,Senior Staff,1990-09-15,66965
477350,Terresa,Vigier,Staff,1998-07-08,47167
232723,Tesuya,Bugrara,Engineer,1993-02-13,40000
221126,Tesuya,dAstous,Engineer,1988-11-29,40000
456767,Tetsurou,Schreiter,Senior Staff,1987-07-17,81806
30035,Tetsushi,Conta,Senior Staff,1995-07-04,45843
60959,Tetsushi,Sridhar,Senior Staff,1989-10-19,62352
63294,Tetsushi,Tanemo,Senior Engineer,1997-03-01,40000
89090,Tetsushi,Theuretzbacher,Staff,1990-02-01,47091
10663,Teunis,Noriega,Technique Leader,1999-02-12,47521
458134,Thanasis,Standera,Staff,1985-03-20,40000
51057,Theirry,Albarhamtoshy,Senior Staff,1991-09-27,58337
428917,Theron,Billawala,Senior Engineer,1989-02-17,40000
424797,Theron,Itschner,Staff,1985-05-16,99526
284691,Theron,Ressouche,Engineer,1988-08-17,40000
253029,Thodoros,Thimonier,Engineer,1995-04-05,40000
246798,Tianruo,Strooper,Senior Staff,2001-12-07,96152
465076,Tokuyasu,Ghelli,Senior Engineer,1985-05-05,58601
416720,Tokuyasu,Xiaoshan,Senior Engineer,1991-09-19,50877
407522,Tommaso,Raczkowsky,Staff,1996-08-29,53708
84508,Tommaso,Vidya,Engineer,1998-05-02,40000
433157,Tomofumi,Serna,Staff,1999-10-23,84693
242081,Tomokazu,Pargas,Engineer,1996-11-15,50182
254821,Tonny,Couchot,Staff,1994-12-12,58821
486958,Tonny,Kropf,Senior Engineer,1986-07-30,45160
47016,Toong,Litecky,Senior Staff,1989-03-01,58961
46834,Tooru,Daescu,Senior Staff,1998-03-20,82569
27767,Tooru,Veldwijk,Staff,1993-11-21,40000
427571,Torsten,Ranta,Engineer,1995-07-03,55037
40269,Toshiki,Ghazalie,Staff,1991-12-05,70370
432787,Toshiko,Ibel,Senior Engineer,1996-11-23,41515
286370,Toshimitsu,Seuren,Staff,1995-01-19,45618
403010,Toshimitsu,Sluis,Senior Engineer,1985-02-18,59167
76640,Tristan,Mitsuhashi,Engineer,1994-07-13,40000
287984,Troy,Kobuchi,Senior Engineer,1991-02-12,45001
213140,Tru,Danecki,Staff,1997-03-31,72365
70469,Tru,Miyakawa,Senior Staff,1990-09-03,49746
224390,True,Shobatake,Senior Staff,1996-05-17,40000
240236,True,Tischendorf,Engineer,1986-01-19,40000
52283,Trygve,Krupka,Senior Staff,1994-03-11,44232
231069,Trygve,Siksek,Staff,1995-11-09,88709
467918,Tsuneo,Skrikant,Staff,1997-10-21,40000
272141,Tsutomu,Neiman,Senior Staff,1996-07-31,40000
64487,Tsutomu,Rebaine,Engineer,1986-09-17,42874
423214,Tsutomu,Tetzlaff,Senior Staff,1987-09-24,67902
290478,Tsvetan,Sherertz,Assistant Engineer,1989-08-07,54683
408417,Tsz,Daescu,Staff,1994-09-28,50677
28988,Tua,Giveon,Technique Leader,1998-09-09,47185
49177,Tze,Bach,Engineer,1999-03-09,44995
247447,Tzu,Bakhtari,Senior Engineer,1994-03-18,45800
206966,Tzu,Sichman,Engineer,1987-11-17,61861
440450,Tzvetan,Scharstein,Staff,1994-06-16,42474
85702,Udi,Merks,Engineer,1997-08-15,46279
444487,Udi,Rullman,Senior Engineer,1994-04-09,40000
492052,Udo,Ratnakar,Staff,1999-11-30,53754
450255,Udo,Waymire,Technique Leader,1986-06-14,40000
480178,Uinam,Rahier,Senior Staff,1991-02-10,55930
35798,Ulf,Oberman,Senior Engineer,1997-03-15,41160
270084,Ulises,Frolund,Staff,1986-07-26,40000
275994,Uma,Prampolini,Engineer,1991-02-21,40000
36733,Uma,Reinhard,Staff,1997-11-01,40000
423204,Uma,Stranks,Staff,1991-09-13,64505
218831,Unal,DuBourdieux,Engineer,1996-03-13,99378
429703,Ung,Honglei,Staff,1986-09-02,40000
419953,Ung,Orlowski,Senior Staff,1991-07-22,60803
487505,Uno,Jayawardene,Senior Staff,1987-11-02,57439
408437,Uno,Solares,Senior Staff,1994-09-22,59806
238252,Uno,Suppi,Staff,1996-12-27,48008
241292,Uri,Lampe,Staff,2001-12-11,42997
249325,Ute,Pokrovskii,Staff,1997-06-09,82809
251403,Utpal,DuBourdieux,Technique Leader,1997-11-19,40000
427313,Utpal,Kemmerer,Senior Staff,1986-12-04,40000
286026,Utpal,Zaumen,Senior Staff,1991-02-25,65537
20100,Utz,Heuter,Staff,1986-06-15,64100
82511,Uwe,Koblick,Engineer,1998-04-04,40000
277362,Uzi,Kugler,Senior Staff,1991-01-12,40000
295278,Val,Barvinok,Engineer,1990-01-02,51829
459172,Val,Rissanen,Assistant Engineer,1993-11-20,58787
222354,Valdiodio,Schlumberger,Engineer,1993-08-07,40000
404018,Valery,Babb,Senior Engineer,1998-10-19,55622
29418,Valery,Mersereau,Assistant Engineer,1998-07-01,57496
492000,Valeska,Cools,Senior Staff,1993-12-16,40000
445570,Van,Nations,Technique Leader,1986-08-11,46882
424984,Vasilis,Waleschkowski,Engineer,1996-05-26,40000
88647,Vasiliy,Ratnaker,Engineer,1995-08-09,47900
443873,Vatsa,Ramsay,Staff,2000-06-16,60024
239426,Vesna,Fairtlough,Engineer,2002-05-07,40000
294791,Vesna,Lammel,Assistant Engineer,1999-10-08,62854
20248,Vidar,Demri,Staff,1999-12-31,40000
465085,Vidar,Gunderson,Senior Staff,1996-03-18,40000
287808,Vidar,Ozeki,Technique Leader,1996-06-17,51801
238422,Vishv,Angelov,Senior Staff,1988-03-08,40000
92454,Visit,McFarlan,Senior Engineer,1987-10-22,40000
103310,Visit,Swen,Staff,1995-10-02,66244
431657,Visit,Thiran,Engineer,1986-11-14,40000
277316,Vitali,Rothenberg,Staff,1989-10-04,86493
90077,Vivian,Guerreiro,Engineer,1991-07-08,45948
88958,Vojin,Coombs,Senior Staff,1995-07-23,68392
275263,Vojin,Laventhal,Engineer,1991-10-18,64702
261990,Volkmar,Czaja,Senior Staff,1992-04-01,55592
44959,Volkmar,Uhrik,Senior Engineer,1988-01-16,60432
260249,Vugranam,Beausoleil,Staff,1998-05-14,49234
201801,Waiman,Genin,Senior Engineer,1988-10-30,50795
27331,Wanqing,Krohm,Staff,1991-01-22,40000
273396,Wayne,Baba,Engineer,1998-03-07,60301
472950,Weidon,Fordan,Senior Engineer,1986-03-27,60425
402827,Weidon,Pollacia,Senior Staff,2002-03-24,53483
426958,Weijing,Viele,Senior Engineer,1985-10-03,55729
481050,Weiru,Burnard,Senior Staff,1990-10-15,50385
258470,Weiwu,Butner,Staff,1995-02-14,98002
469269,Weiyi,Codenie,Engineer,1989-05-27,40000
104845,Werner,Lodder,Senior Staff,1992-06-17,54489
210786,Werner,Ranze,Staff,1998-06-05,52846
420732,Willard,Morrin,Senior Staff,1996-05-27,59288
41357,Willard,Vernadat,Engineer,1997-03-04,59086
409391,Willard,Verspoor,Engineer,1999-02-28,40675
436827,Wojceich,Limongiello,Senior Staff,1988-03-10,42069
61873,Woody,Rusmann,Engineer,1993-02-26,40000
286986,Woody,Trelles,Senior Engineer,1996-05-23,55706
488788,Wuxu,Garigliano,Staff,1990-09-21,55528
414091,Wuxu,Kuhnemann,Engineer,1997-08-19,40000
46328,Wuxu,Trogemann,Senior Staff,1997-01-27,76950
410028,Xiadong,McClurg,Senior Staff,1985-09-17,40000
89806,Xiadong,Shinomoto,Engineer,1997-05-24,40000
259273,Xiahua,Gomatam,Senior Engineer,1989-12-01,52325
99373,Xiaobin,Christianini,Senior Staff,1985-12-25,40000
247122,Xiaobin,Narlikar,Staff,1992-02-14,40000
285164,Xiaocheng,Kumaresan,Staff,1994-10-03,91283
216502,Xiaocheng,Suermann,Engineer,1997-12-15,63256
214215,Xiaoqiang,Cardazo,Senior Staff,1993-05-28,90603
259042,Xiaoqiang,Farrow,Staff,1997-01-01,67056
454791,Xiaoqiu,Pietracaprina,Senior Engineer,1994-07-09,70297
50293,Xinan,Rindone,Engineer,1996-10-08,40000
77303,Xinglin,Birge,Senior Staff,1992-03-05,48808
282343,Xinglin,Haldar,Staff,1988-07-20,77230
28193,Xinglin,Mitsuhashi,Engineer,1988-12-14,40490
209101,Xinyu,Edelhoff,Senior Engineer,1997-10-26,50790
247875,Xiong,Anick,Senior Staff,1991-04-23,77461
430558,Xiong,Roisin,Senior Engineer,1988-03-01,40000
41520,Xiong,Uhrik,Senior Engineer,1988-03-21,44818
457411,Xudong,Peck,Senior Engineer,1988-04-18,40000
295254,Xuejun,Pfau,Senior Staff,1985-07-24,40000
424930,Xuejun,Reeker,Senior Staff,1988-11-18,48452
457337,Xumin,Beidas,Technique Leader,1995-04-27,40000
29130,Xumin,Thorensen,Staff,1998-04-26,67033
17369,Yaghout,Kenevan,Engineer,2000-09-15,40000
486918,Yagil,Remmers,Senior Staff,1994-11-01,51627
205018,Yahiko,Awdeh,Engineer,1998-08-05,55086
91229,Yahiko,Hebden,Engineer,1996-10-03,40000
472143,Yahiko,Sommen,Senior Staff,1996-08-14,78806
30938,Yakkov,Samarati,Senior Staff,1997-10-10,43593
401574,Yannik,Falco,Technique Leader,1988-01-15,52475
217286,Yannik,Spelt,Technique Leader,1992-09-22,40000
236566,Yechezkel,Maginnis,Staff,1992-12-11,40000
466603,Yechezkel,Nourani,Staff,1991-08-01,54724
82069,Yechezkel,Perfilyeva,Engineer,1994-11-03,40000
405063,Yechezkel,Yurov,Senior Engineer,2001-11-16,67423
58497,Yechiam,Cairo,Senior Staff,2000-10-21,90613
486068,Yefim,Bernardeschi,Staff,1996-06-26,54089
203946,Yefim,Marwedel,Senior Staff,1993-03-30,56594
274813,Yefim,Pettey,Staff,1993-08-07,66431
288560,Yifei,Birjandi,Staff,1994-02-07,64818
230354,Yinghua,Lorho,Staff,1991-08-09,40000
95181,Yishai,Cappelli,Staff,1997-01-30,66810
418860,Ymte,Dalton,Senior Staff,1992-11-22,51181
425757,Yongdong,Jiang,Senior Staff,1995-01-31,65128
85445,Yongdong,Pollock,Staff,1998-03-17,64616
90614,Yonghoan,Trogemann,Assistant Engineer,1988-09-23,44589
66757,Yonghong,Baig,Staff,1999-04-10,46812
213016,Yongmao,Fontan,Senior Engineer,1993-07-26,40596
494995,Yongmao,Pouyioutas,Staff,1989-08-24,61003
21546,Yongmin,Lanteri,Senior Staff,2002-03-19,75391
87729,Yongmin,Roccetti,Staff,1986-12-10,40000
408654,Yongqiao,Cochrane,Staff,1986-10-27,47427
429520,Yongqiao,Francisci,Engineer,1999-12-01,64463
485799,Yoshimitsu,Litvinov,Senior Staff,1997-11-22,40000
460707,Yoshinari,Lanteri,Engineer,1996-12-25,40000
287327,Youjian,Felder,Staff,1993-07-15,58866
205699,Youjian,Yetto,Senior Staff,1994-12-07,55096
51060,Youngkon,Rohrbach,Senior Engineer,1989-10-20,42308
85288,Younwoo,Luders,Senior Engineer,1998-12-08,59922
490720,Younwoo,Samarati,Senior Engineer,2002-05-18,57642
206748,Yucai,Fabrizio,Staff,1999-10-06,62756
68608,Yucai,Seghrouchni,Engineer,1989-06-09,47652
41609,Yucai,Simmen,Senior Staff,1987-10-13,60396
251233,Yucel,Bernini,Engineer,1993-02-19,47919
42955,Yucel,Lortz,Engineer,1995-02-21,40000
217272,Yuchang,Eldridge,Staff,1986-08-01,56909
478439,Yuichiro,Bale,Technique Leader,1997-11-04,47250
48904,Yuichiro,Malabarba,Senior Staff,1994-03-07,58807
220611,Yuping,Babb,Staff,1995-01-31,40000
228248,Yuriy,Plump,Senior Staff,1988-09-08,54431
450936,Yuriy,Ponthieu,Staff,1991-12-11,49451
74800,Yuuichi,Conde,Engineer,1989-03-08,40000
53499,Zdislav,Mandelberg,Engineer,1994-09-11,40000
264030,Zdislav,Solares,Engineer,1990-12-14,40000
426644,Zejun,Broomell,Engineer,1995-01-19,66298
17447,Zengping,Boreale,Staff,1998-12-16,65188
442312,Zengping,Cusworth,Engineer,1991-06-07,50796
404236,Zengping,Kakkar,Engineer,1988-07-22,43423
92577,Zhanqiu,Farrow,Assistant Engineer,1999-01-10,40000
421074,Zhaofang,Falster,Staff,1994-06-29,72554
46000,Zhaofang,Penn,Senior Staff,1997-07-24,40000
472790,Zhenbing,Ibel,Senior Engineer,1985-10-29,55035
86655,Zhenhua,Lorys,Engineer,1995-08-21,42987
487008,Zhigen,Raney,Senior Staff,1993-05-26,73387
207068,Zhiguo,Ariola,Senior Staff,1994-09-07,63190
470472,Zhiguo,Staudhammer,Engineer,1985-12-03,40000
24394,Zhonghui,Conta,Staff,1994-09-10,55035
246146,Zhongwei,Melski,Senior Engineer,1987-09-04,57332
281570,Zijian,Covnot,Assistant Engineer,1994-09-13,50023
282585,Zijian,Lammel,Staff,1996-07-01,43246
290009,Zijian,Rindone,Staff,1989-07-09,40000
233759,Zissis,Lodder,Engineer,2000-05-27,40000
59640,Zita,Hiltgen,Staff,1999-01-26,45566
490568,Zita,Reistad,Senior Engineer,1998-07-23,58375
298953,Zita,Syang,Staff,1998-12-29,56226
19803,Ziva,Kowalchuk,Engineer,1987-06-13,71465
98306,Ziya,Kadhim,Senior Engineer,1999-06-24,58503
292828,Ziya,Tokunaga,Engineer,1986-01-08,40000
58454,Ziya,Zambonelli,Engineer,1999-06-29,44411
26788,Zongyan,Dalphin,Senior Engineer,1988-04-23,40000
203495,Zongyan,Gips,Technique Leader,1997-05-31,40000
474796,Zongyan,Shackel,Technique Leader,1987-08-17,68336
266206,Zsolt,Anily,Senior Staff,1985-08-19,63169
64632,Zsolt,Brender,Senior Staff,1996-02-21,74384
83941,Zsolt,Hagimont,Staff,1996-10-08,40000
59869,Zsolt,Riefers,Staff,1987-09-25,56247
202414,Zvonko,Murthy,Senior Staff,1992-01-07,50945
266310,Zvonko,Serdy,Staff,1987-06-24,40000
